scenario,P_laser,P_EUV,eta,CE,pulse_freq,F1,F3,F7,type,droplet_diameter,pulse_width,plasma_temp,F2,F4,F5,F6
baseline_2026,30.0,186.7115846047591,0.10372865811375506,0.06,50.0,0.65,0.9,0.85,baseline,,,,,,,
F3_priority,30.0,203.30816990295992,0.11294898327942218,0.06,50.0,0.65,0.98,0.85,baseline,,,,,,,
CE_optimized,30.0,207.8728966015528,0.08248924468315588,0.08,45.0,0.65,0.9,0.85,baseline,,,,,,,
combined_2030,40.0,352.08191305547894,0.11002559782983716,0.08,45.0,0.65,0.98,0.92,baseline,,,,,,,
sweep,50.0,332.9330082444506,0.11097766941481686,0.06,50.0,0.7,0.95,0.8,sweep,25.0,10.0,40.0,0.85,0.85,0.85,0.9
sweep,40.0,129.4443536054424,0.053935147335600994,0.06,72.0,0.7,0.95,0.9,sweep,25.0,3.0,40.0,0.85,0.85,0.85,0.9
sweep,30.0,143.07007503759428,0.0794833750208857,0.06,54.0,0.7,0.9,0.8,sweep,25.0,7.0,40.0,0.85,0.85,0.85,0.9
sweep,25.0,40.69355049078083,0.027129033660520555,0.06,50.0,0.6,0.85,0.85,sweep,25.0,3.0,40.0,0.85,0.85,0.85,0.9
sweep,45.0,195.44394179242786,0.07238664510830661,0.06,54.0,0.6,0.85,0.9,sweep,25.0,7.0,40.0,0.85,0.85,0.85,0.9
sweep,30.0,86.86397412996793,0.04825776340553774,0.06,72.0,0.7,0.9,0.85,sweep,25.0,3.0,40.0,0.85,0.85,0.85,0.9
sweep,50.0,216.3714097790777,0.07212380325969257,0.06,63.0,0.7,0.98,0.8,sweep,25.0,5.0,40.0,0.85,0.85,0.85,0.9
sweep,30.0,96.51552681107549,0.053619737117264164,0.06,54.0,0.7,0.85,0.8,sweep,25.0,5.0,40.0,0.85,0.85,0.85,0.9
sweep,50.0,157.64202712475662,0.05254734237491888,0.06,36.0,0.6,0.98,0.85,sweep,25.0,7.0,40.0,0.85,0.85,0.85,0.9
sweep,25.0,10.580323127603014,0.007053548751735343,0.06,36.0,0.65,0.85,0.85,sweep,25.0,1.0,40.0,0.85,0.85,0.85,0.9
sweep,35.0,168.288874272616,0.08013755917743619,0.06,50.0,0.7,0.98,0.8,sweep,25.0,7.0,40.0,0.85,0.85,0.85,0.9
sweep,50.0,30.49622548544399,0.010165408495147996,0.06,45.0,0.65,0.98,0.85,sweep,25.0,1.0,40.0,0.85,0.85,0.85,0.9
sweep,45.0,105.8654684708984,0.03920943276699941,0.06,63.0,0.65,0.85,0.9,sweep,25.0,3.0,40.0,0.85,0.85,0.85,0.9
sweep,25.0,78.41886553399883,0.05227924368933255,0.06,36.0,0.65,0.9,0.85,sweep,25.0,7.0,40.0,0.85,0.85,0.85,0.9
sweep,35.0,166.91508754385998,0.0794833750208857,0.06,63.0,0.6,0.9,0.8,sweep,25.0,7.0,40.0,0.85,0.85,0.85,0.9
sweep,40.0,159.32721886272776,0.06638634119280323,0.06,36.0,0.65,0.85,0.8,sweep,25.0,10.0,40.0,0.85,0.85,0.85,0.9
sweep,20.0,124.09139161423994,0.10340949301186661,0.06,54.0,0.6,0.85,0.9,sweep,25.0,10.0,40.0,0.85,0.85,0.85,0.9
sweep,20.0,56.63190470238105,0.047193253918650875,0.06,27.0,0.7,0.95,0.9,sweep,25.0,7.0,40.0,0.85,0.85,0.85,0.9
sweep,20.0,51.36680698628668,0.042805672488572234,0.06,45.0,0.6,0.95,0.8,sweep,25.0,5.0,40.0,0.85,0.85,0.85,0.9
sweep,25.0,71.53503751879713,0.04769002501253142,0.06,72.0,0.6,0.98,0.9,sweep,25.0,3.0,40.0,0.85,0.85,0.85,0.9
sweep,20.0,39.74168751044285,0.033118072925369044,0.06,50.0,0.6,0.98,0.9,sweep,25.0,3.0,40.0,0.85,0.85,0.85,0.9
sweep,50.0,459.7892457805401,0.1532630819268467,0.06,63.0,0.7,0.98,0.85,sweep,25.0,10.0,40.0,0.85,0.85,0.85,0.9
sweep,30.0,18.096661277076656,0.01005370070948703,0.06,45.0,0.7,0.85,0.9,sweep,25.0,1.0,40.0,0.85,0.85,0.85,0.9
sweep,45.0,24.635790982238806,0.009124367030458817,0.06,45.0,0.6,0.9,0.9,sweep,25.0,1.0,40.0,0.85,0.85,0.85,0.9
sweep,50.0,202.25680250850382,0.06741893416950127,0.06,63.0,0.6,0.95,0.9,sweep,25.0,5.0,40.0,0.85,0.85,0.85,0.9
sweep,25.0,80.90272100340154,0.05393514733560102,0.06,36.0,0.6,0.95,0.9,sweep,25.0,7.0,40.0,0.85,0.85,0.85,0.9
sweep,50.0,118.23152034356748,0.03941050678118916,0.06,27.0,0.6,0.98,0.85,sweep,25.0,7.0,40.0,0.85,0.85,0.85,0.9
sweep,40.0,383.53882549760704,0.15980784395733627,0.06,72.0,0.7,0.95,0.8,sweep,25.0,10.0,40.0,0.85,0.85,0.85,0.9
sweep,35.0,126.67662893953658,0.06032220425692218,0.06,54.0,0.7,0.9,0.85,sweep,25.0,5.0,40.0,0.85,0.85,0.85,0.9
sweep,25.0,15.511423951779989,0.01034094930118666,0.06,54.0,0.6,0.9,0.85,sweep,25.0,1.0,40.0,0.85,0.85,0.85,0.9
sweep,45.0,83.45754377192999,0.030910201397011106,0.06,45.0,0.7,0.98,0.8,sweep,25.0,3.0,40.0,0.85,0.85,0.85,0.9
sweep,50.0,36.193322554153305,0.012064440851384436,0.06,63.0,0.6,0.85,0.9,sweep,25.0,1.0,40.0,0.85,0.85,0.85,0.9
sweep,45.0,97.72197089621393,0.03619332255415331,0.06,27.0,0.6,0.85,0.9,sweep,25.0,7.0,40.0,0.85,0.85,0.85,0.9
sweep,50.0,170.32151790189795,0.05677383930063265,0.06,63.0,0.6,0.9,0.8,sweep,25.0,5.0,40.0,0.85,0.85,0.85,0.9
sweep,20.0,38.204062696050705,0.03183671891337559,0.06,45.0,0.7,0.95,0.85,sweep,25.0,3.0,40.0,0.85,0.85,0.85,0.9
sweep,20.0,11.755914586225574,0.009796595488521312,0.06,50.0,0.65,0.85,0.85,sweep,25.0,1.0,40.0,0.85,0.85,0.85,0.9
sweep,35.0,62.556359970141514,0.029788742842924532,0.06,50.0,0.7,0.85,0.8,sweep,25.0,3.0,40.0,0.85,0.85,0.85,0.9
sweep,20.0,31.022847903559985,0.025852373252966653,0.06,27.0,0.6,0.9,0.85,sweep,25.0,5.0,40.0,0.85,0.85,0.85,0.9
sweep,35.0,253.35325787907317,0.12064440851384436,0.06,63.0,0.6,0.85,0.9,sweep,25.0,10.0,40.0,0.85,0.85,0.85,0.9
sweep,45.0,219.57282349519673,0.08132326796118397,0.06,36.0,0.65,0.98,0.85,sweep,25.0,10.0,40.0,0.85,0.85,0.85,0.9
sweep,50.0,167.56167849145052,0.055853892830483504,0.06,50.0,0.7,0.85,0.9,sweep,25.0,5.0,40.0,0.85,0.85,0.85,0.9
sweep,45.0,211.7309369417968,0.07841886553399882,0.06,54.0,0.65,0.9,0.85,sweep,25.0,7.0,40.0,0.85,0.85,0.85,0.9
sweep,30.0,28.61401500751885,0.01589667500417714,0.06,72.0,0.6,0.98,0.9,sweep,25.0,1.0,40.0,0.85,0.85,0.85,0.9
sweep,45.0,187.77947348684245,0.06954795314327498,0.06,54.0,0.7,0.98,0.9,sweep,25.0,5.0,40.0,0.85,0.85,0.85,0.9
sweep,25.0,77.27550349252776,0.051517002328351845,0.06,45.0,0.7,0.98,0.8,sweep,25.0,5.0,40.0,0.85,0.85,0.85,0.9
sweep,20.0,49.31213470683522,0.041093445589029345,0.06,72.0,0.6,0.95,0.8,sweep,25.0,3.0,40.0,0.85,0.85,0.85,0.9
sweep,20.0,30.563250156840564,0.02546937513070047,0.06,36.0,0.7,0.95,0.85,sweep,25.0,3.0,40.0,0.85,0.85,0.85,0.9
sweep,20.0,75.69845240084354,0.06308204366736961,0.06,50.0,0.6,0.9,0.8,sweep,25.0,7.0,40.0,0.85,0.85,0.85,0.9
sweep,45.0,298.0626563283214,0.11039357641789681,0.06,50.0,0.6,0.98,0.9,sweep,25.0,10.0,40.0,0.85,0.85,0.85,0.9
sweep,50.0,20.225680250850374,0.006741893416950124,0.06,27.0,0.7,0.95,0.9,sweep,25.0,1.0,40.0,0.85,0.85,0.85,0.9
sweep,35.0,27.91577563667565,0.013293226493655072,0.06,63.0,0.7,0.85,0.85,sweep,25.0,1.0,40.0,0.85,0.85,0.85,0.9
sweep,35.0,137.23301468449796,0.0653490546116657,0.06,63.0,0.65,0.85,0.9,sweep,25.0,5.0,40.0,0.85,0.85,0.85,0.9
sweep,20.0,40.32970227462796,0.03360808522885664,0.06,54.0,0.65,0.9,0.85,sweep,25.0,3.0,40.0,0.85,0.85,0.85,0.9
sweep,45.0,238.45012506265712,0.08831486113431745,0.06,45.0,0.6,0.98,0.8,sweep,25.0,10.0,40.0,0.85,0.85,0.85,0.9
sweep,35.0,125.84867711640233,0.05992794148400111,0.06,27.0,0.7,0.95,0.8,sweep,25.0,10.0,40.0,0.85,0.85,0.85,0.9
sweep,20.0,70.96729912579079,0.059139415938158996,0.06,50.0,0.7,0.9,0.9,sweep,25.0,5.0,40.0,0.85,0.85,0.85,0.9
sweep,45.0,402.3845860432338,0.14903132816416068,0.06,63.0,0.7,0.9,0.9,sweep,25.0,10.0,40.0,0.85,0.85,0.85,0.9
sweep,30.0,134.43234091542655,0.07468463384190364,0.06,36.0,0.65,0.85,0.9,sweep,25.0,10.0,40.0,0.85,0.85,0.85,0.9
sweep,20.0,100.14905252631598,0.08345754377192999,0.06,54.0,0.6,0.98,0.9,sweep,25.0,7.0,40.0,0.85,0.85,0.85,0.9
sweep,35.0,19.705253390594578,0.009383453995521228,0.06,45.0,0.6,0.98,0.85,sweep,25.0,1.0,40.0,0.85,0.85,0.85,0.9
sweep,40.0,311.62529571680585,0.12984387321533578,0.06,63.0,0.65,0.95,0.8,sweep,25.0,10.0,40.0,0.85,0.85,0.85,0.9
sweep,40.0,26.88646818308531,0.011202695076285546,0.06,54.0,0.65,0.85,0.9,sweep,25.0,1.0,40.0,0.85,0.85,0.85,0.9
sweep,30.0,17.873245705754723,0.009929580947641512,0.06,50.0,0.7,0.85,0.8,sweep,25.0,1.0,40.0,0.85,0.85,0.85,0.9
sweep,50.0,79.35242345702261,0.02645080781900754,0.06,27.0,0.65,0.85,0.85,sweep,25.0,5.0,40.0,0.85,0.85,0.85,0.9
sweep,50.0,137.93677373416205,0.04597892457805401,0.06,63.0,0.7,0.98,0.85,sweep,25.0,3.0,40.0,0.85,0.85,0.85,0.9
sweep,25.0,76.40812539210141,0.05093875026140094,0.06,72.0,0.7,0.95,0.85,sweep,25.0,3.0,40.0,0.85,0.85,0.85,0.9
sweep,25.0,10.340949301186658,0.006893966200791106,0.06,36.0,0.6,0.85,0.9,sweep,25.0,1.0,40.0,0.85,0.85,0.85,0.9
sweep,45.0,425.7024128988508,0.1576675603329077,0.06,72.0,0.65,0.95,0.85,sweep,25.0,10.0,40.0,0.85,0.85,0.85,0.9
sweep,30.0,13.512173753550568,0.007506763196416982,0.06,36.0,0.6,0.98,0.85,sweep,25.0,1.0,40.0,0.85,0.85,0.85,0.9
sweep,50.0,111.27672502924,0.03709224167641333,0.06,27.0,0.6,0.98,0.8,sweep,25.0,7.0,40.0,0.85,0.85,0.85,0.9
sweep,45.0,297.31749968750046,0.11011759247685203,0.06,63.0,0.7,0.95,0.9,sweep,25.0,7.0,40.0,0.85,0.85,0.85,0.9
sweep,35.0,53.48568777447099,0.02546937513070047,0.06,36.0,0.7,0.95,0.85,sweep,25.0,3.0,40.0,0.85,0.85,0.85,0.9
sweep,30.0,30.657873222341628,0.017032151790189794,0.06,27.0,0.7,0.9,0.8,sweep,25.0,3.0,40.0,0.85,0.85,0.85,0.9
sweep,45.0,57.13374488905629,0.02116064625520603,0.06,36.0,0.65,0.85,0.85,sweep,25.0,3.0,40.0,0.85,0.85,0.85,0.9
sweep,45.0,165.45518881898656,0.06127969956258761,0.06,72.0,0.6,0.85,0.8,sweep,25.0,5.0,40.0,0.85,0.85,0.85,0.9
sweep,35.0,148.57135492908614,0.07074826425194577,0.06,50.0,0.6,0.95,0.85,sweep,25.0,7.0,40.0,0.85,0.85,0.85,0.9
sweep,40.0,137.3786728756049,0.057241113698168714,0.06,50.0,0.7,0.98,0.8,sweep,25.0,5.0,40.0,0.85,0.85,0.85,0.9
sweep,25.0,46.37281186261991,0.030915207908413275,0.06,50.0,0.65,0.95,0.8,sweep,25.0,3.0,40.0,0.85,0.85,0.85,0.9
sweep,50.0,206.93867293694134,0.06897955764564712,0.06,45.0,0.65,0.95,0.85,sweep,25.0,7.0,40.0,0.85,0.85,0.85,0.9
sweep,40.0,200.330547246518,0.08347106135271583,0.06,36.0,0.65,0.95,0.9,sweep,25.0,10.0,40.0,0.85,0.85,0.85,0.9
sweep,20.0,114.89943667985177,0.09574953056654315,0.06,50.0,0.6,0.9,0.85,sweep,25.0,10.0,40.0,0.85,0.85,0.85,0.9
sweep,20.0,50.60982246227823,0.042174852051898526,0.06,72.0,0.65,0.9,0.8,sweep,25.0,3.0,40.0,0.85,0.85,0.85,0.9
sweep,40.0,27.73807577259481,0.011557531571914505,0.06,54.0,0.6,0.95,0.9,sweep,25.0,1.0,40.0,0.85,0.85,0.85,0.9
sweep,40.0,356.57125182980656,0.14857135492908607,0.06,63.0,0.7,0.95,0.85,sweep,25.0,10.0,40.0,0.85,0.85,0.85,0.9
sweep,30.0,17.518784698480932,0.00973265816582274,0.06,54.0,0.6,0.9,0.8,sweep,25.0,1.0,40.0,0.85,0.85,0.85,0.9
sweep,50.0,118.23152034356748,0.03941050678118916,0.06,27.0,0.6,0.98,0.85,sweep,25.0,7.0,40.0,0.85,0.85,0.85,0.9
sweep,25.0,108.57996766245992,0.07238664510830661,0.06,54.0,0.6,0.9,0.85,sweep,25.0,7.0,40.0,0.85,0.85,0.85,0.9
sweep,40.0,101.21964492455646,0.042174852051898526,0.06,72.0,0.65,0.9,0.8,sweep,25.0,3.0,40.0,0.85,0.85,0.85,0.9
sweep,35.0,118.23152034356747,0.05630072397312737,0.06,36.0,0.7,0.9,0.85,sweep,25.0,7.0,40.0,0.85,0.85,0.85,0.9
sweep,30.0,12.40913916142399,0.006893966200791106,0.06,36.0,0.6,0.85,0.9,sweep,25.0,1.0,40.0,0.85,0.85,0.85,0.9
sweep,25.0,68.96838686708102,0.04597892457805401,0.06,27.0,0.7,0.98,0.85,sweep,25.0,7.0,40.0,0.85,0.85,0.85,0.9
sweep,30.0,17.234915501977767,0.009574953056654316,0.06,50.0,0.6,0.85,0.9,sweep,25.0,1.0,40.0,0.85,0.85,0.85,0.9
sweep,30.0,135.12173753550567,0.07506763196416982,0.06,54.0,0.7,0.85,0.8,sweep,25.0,7.0,40.0,0.85,0.85,0.85,0.9
sweep,25.0,90.48330638538327,0.06032220425692218,0.06,45.0,0.6,0.85,0.9,sweep,25.0,7.0,40.0,0.85,0.85,0.85,0.9
sweep,45.0,229.93404916756216,0.08516075895094895,0.06,36.0,0.7,0.9,0.9,sweep,25.0,10.0,40.0,0.85,0.85,0.85,0.9
sweep,50.0,46.534271855339966,0.01551142395177999,0.06,27.0,0.6,0.9,0.85,sweep,25.0,3.0,40.0,0.85,0.85,0.85,0.9
sweep,25.0,63.33831446976829,0.04222554297984553,0.06,63.0,0.7,0.85,0.9,sweep,25.0,3.0,40.0,0.85,0.85,0.85,0.9
sweep,35.0,156.83773106799765,0.07468463384190364,0.06,36.0,0.65,0.85,0.9,sweep,25.0,10.0,40.0,0.85,0.85,0.85,0.9
sweep,40.0,20.42656652086254,0.008511069383692725,0.06,50.0,0.6,0.85,0.8,sweep,25.0,1.0,40.0,0.85,0.85,0.85,0.9
sweep,35.0,166.91508754385998,0.0794833750208857,0.06,36.0,0.6,0.98,0.9,sweep,25.0,10.0,40.0,0.85,0.85,0.85,0.9
sweep,20.0,78.41886553399883,0.0653490546116657,0.06,45.0,0.65,0.85,0.9,sweep,25.0,7.0,40.0,0.85,0.85,0.85,0.9
sweep,50.0,359.5676489040068,0.11985588296800226,0.06,63.0,0.6,0.95,0.8,sweep,25.0,10.0,40.0,0.85,0.85,0.85,0.9
sweep,50.0,72.99493624367055,0.02433164541455685,0.06,27.0,0.6,0.9,0.8,sweep,25.0,5.0,40.0,0.85,0.85,0.85,0.9
sweep,20.0,95.38005002506284,0.0794833750208857,0.06,63.0,0.6,0.9,0.8,sweep,25.0,7.0,40.0,0.85,0.85,0.85,0.9
sweep,30.0,15.511423951779989,0.008617457750988882,0.06,45.0,0.6,0.85,0.9,sweep,25.0,1.0,40.0,0.85,0.85,0.85,0.9
sweep,35.0,92.02684514136921,0.04382230721017581,0.06,27.0,0.65,0.95,0.9,sweep,25.0,7.0,40.0,0.85,0.85,0.85,0.9
sweep,25.0,205.4672279451467,0.13697815196343113,0.06,72.0,0.6,0.95,0.8,sweep,25.0,10.0,40.0,0.85,0.85,0.85,0.9
sweep,35.0,179.7838244520034,0.08561134497714447,0.06,45.0,0.6,0.95,0.8,sweep,25.0,10.0,40.0,0.85,0.85,0.85,0.9
sweep,50.0,355.8503141878939,0.11861677139596463,0.06,54.0,0.65,0.9,0.9,sweep,25.0,10.0,40.0,0.85,0.85,0.85,0.9
sweep,45.0,124.82134097667665,0.04623012628765802,0.06,72.0,0.6,0.95,0.9,sweep,25.0,3.0,40.0,0.85,0.85,0.85,0.9
sweep,40.0,111.29474847028781,0.04637281186261992,0.06,45.0,0.65,0.95,0.8,sweep,25.0,5.0,40.0,0.85,0.85,0.85,0.9
sweep,25.0,68.36516482451181,0.045576776549674534,0.06,36.0,0.6,0.85,0.85,sweep,25.0,7.0,40.0,0.85,0.85,0.85,0.9
sweep,50.0,370.31130946610557,0.12343710315536852,0.06,63.0,0.65,0.85,0.85,sweep,25.0,10.0,40.0,0.85,0.85,0.85,0.9
sweep,30.0,33.09103776379731,0.018383909868776284,0.06,36.0,0.6,0.85,0.8,sweep,25.0,3.0,40.0,0.85,0.85,0.85,0.9
sweep,45.0,218.98480873101164,0.0811054847151895,0.06,45.0,0.6,0.9,0.8,sweep,25.0,10.0,40.0,0.85,0.85,0.85,0.9
sweep,50.0,45.04057917850189,0.015013526392833964,0.06,72.0,0.6,0.98,0.85,sweep,25.0,1.0,40.0,0.85,0.85,0.85,0.9
sweep,35.0,157.64202712475662,0.07506763196416982,0.06,72.0,0.6,0.98,0.85,sweep,25.0,5.0,40.0,0.85,0.85,0.85,0.9
sweep,50.0,93.9049440218053,0.03130164800726844,0.06,45.0,0.65,0.95,0.9,sweep,25.0,3.0,40.0,0.85,0.85,0.85,0.9
sweep,45.0,232.67135927669983,0.08617457750988883,0.06,45.0,0.6,0.9,0.85,sweep,25.0,10.0,40.0,0.85,0.85,0.85,0.9
sweep,25.0,99.87990247333519,0.06658660164889013,0.06,50.0,0.6,0.95,0.8,sweep,25.0,7.0,40.0,0.85,0.85,0.85,0.9
sweep,50.0,84.45108595969106,0.028150361986563687,0.06,27.0,0.6,0.98,0.85,sweep,25.0,5.0,40.0,0.85,0.85,0.85,0.9
sweep,20.0,102.94989526514718,0.08579157938762265,0.06,72.0,0.6,0.85,0.8,sweep,25.0,7.0,40.0,0.85,0.85,0.85,0.9
sweep,45.0,85.84204502255658,0.03179335000835429,0.06,54.0,0.6,0.98,0.8,sweep,25.0,3.0,40.0,0.85,0.85,0.85,0.9
sweep,40.0,358.4862424411375,0.1493692676838073,0.06,72.0,0.65,0.85,0.9,sweep,25.0,10.0,40.0,0.85,0.85,0.85,0.9
sweep,35.0,176.18814796296326,0.08389911807760154,0.06,54.0,0.7,0.95,0.8,sweep,25.0,7.0,40.0,0.85,0.85,0.85,0.9
sweep,25.0,21.89848087310116,0.014598987248734107,0.06,72.0,0.6,0.9,0.9,sweep,25.0,1.0,40.0,0.85,0.85,0.85,0.9
sweep,50.0,177.92515709394695,0.059308385697982316,0.06,27.0,0.65,0.9,0.9,sweep,25.0,10.0,40.0,0.85,0.85,0.85,0.9
sweep,50.0,91.48867645633197,0.030496225485443992,0.06,27.0,0.65,0.98,0.85,sweep,25.0,5.0,40.0,0.85,0.85,0.85,0.9
sweep,35.0,237.1928648867866,0.11294898327942218,0.06,50.0,0.65,0.98,0.85,sweep,25.0,10.0,40.0,0.85,0.85,0.85,0.9
sweep,25.0,43.08728875494441,0.02872485916996294,0.06,50.0,0.6,0.85,0.9,sweep,25.0,3.0,40.0,0.85,0.85,0.85,0.9
sweep,45.0,33.09103776379731,0.012255939912517522,0.06,72.0,0.6,0.85,0.8,sweep,25.0,1.0,40.0,0.85,0.85,0.85,0.9
sweep,35.0,143.5668461314748,0.0683651648245118,0.06,54.0,0.6,0.85,0.85,sweep,25.0,7.0,40.0,0.85,0.85,0.85,0.9
sweep,30.0,66.76603501754398,0.037092241676413326,0.06,54.0,0.7,0.98,0.8,sweep,25.0,3.0,40.0,0.85,0.85,0.85,0.9
sweep,50.0,54.89320587379919,0.018297735291266395,0.06,27.0,0.65,0.98,0.85,sweep,25.0,3.0,40.0,0.85,0.85,0.85,0.9
sweep,25.0,128.4170174657167,0.08561134497714447,0.06,45.0,0.6,0.95,0.8,sweep,25.0,10.0,40.0,0.85,0.85,0.85,0.9
sweep,45.0,48.86098544810697,0.018096661277076657,0.06,27.0,0.7,0.85,0.9,sweep,25.0,3.0,40.0,0.85,0.85,0.85,0.9
sweep,40.0,20.033054724651798,0.008347106135271582,0.06,36.0,0.65,0.95,0.9,sweep,25.0,1.0,40.0,0.85,0.85,0.85,0.9
sweep,20.0,13.443234091542655,0.011202695076285546,0.06,54.0,0.65,0.85,0.9,sweep,25.0,1.0,40.0,0.85,0.85,0.85,0.9
sweep,50.0,170.32151790189795,0.05677383930063265,0.06,27.0,0.7,0.9,0.8,sweep,25.0,10.0,40.0,0.85,0.85,0.85,0.9
sweep,40.0,356.1431951049209,0.14839299796038372,0.06,72.0,0.65,0.95,0.8,sweep,25.0,10.0,40.0,0.85,0.85,0.85,0.9
sweep,50.0,310.22847903559983,0.10340949301186661,0.06,54.0,0.6,0.9,0.85,sweep,25.0,10.0,40.0,0.85,0.85,0.85,0.9
sweep,30.0,95.22290814842714,0.05290161563801508,0.06,27.0,0.65,0.85,0.85,sweep,25.0,10.0,40.0,0.85,0.85,0.85,0.9
sweep,20.0,112.60144794625475,0.09383453995521229,0.06,45.0,0.6,0.98,0.85,sweep,25.0,10.0,40.0,0.85,0.85,0.85,0.9
sweep,20.0,25.037263131578992,0.020864385942982493,0.06,27.0,0.7,0.98,0.9,sweep,25.0,3.0,40.0,0.85,0.85,0.85,0.9
sweep,25.0,35.585031418789384,0.023723354279192924,0.06,36.0,0.65,0.9,0.9,sweep,25.0,3.0,40.0,0.85,0.85,0.85,0.9
sweep,30.0,81.75432859291101,0.045419071440506116,0.06,36.0,0.6,0.9,0.8,sweep,25.0,7.0,40.0,0.85,0.85,0.85,0.9
sweep,45.0,162.86995149368988,0.06032220425692218,0.06,63.0,0.6,0.85,0.9,sweep,25.0,5.0,40.0,0.85,0.85,0.85,0.9
sweep,50.0,413.63797204746635,0.13787932401582212,0.06,72.0,0.6,0.9,0.85,sweep,25.0,10.0,40.0,0.85,0.85,0.85,0.9
sweep,30.0,117.62829830099825,0.0653490546116657,0.06,45.0,0.65,0.9,0.85,sweep,25.0,7.0,40.0,0.85,0.85,0.85,0.9
sweep,25.0,63.67343782675117,0.04244895855116745,0.06,36.0,0.7,0.95,0.85,sweep,25.0,5.0,40.0,0.85,0.85,0.85,0.9
sweep,35.0,13.793677373416203,0.006568417796864859,0.06,27.0,0.7,0.98,0.85,sweep,25.0,1.0,40.0,0.85,0.85,0.85,0.9
sweep,50.0,91.91954934388141,0.030639849781293804,0.06,36.0,0.6,0.85,0.8,sweep,25.0,5.0,40.0,0.85,0.85,0.85,0.9
sweep,35.0,13.94113165048868,0.0066386341192803235,0.06,36.0,0.65,0.85,0.8,sweep,25.0,1.0,40.0,0.85,0.85,0.85,0.9
sweep,25.0,185.15565473305278,0.12343710315536852,0.06,63.0,0.65,0.85,0.85,sweep,25.0,10.0,40.0,0.85,0.85,0.85,0.9
sweep,30.0,89.89191222600166,0.04993995123666759,0.06,45.0,0.7,0.95,0.8,sweep,25.0,5.0,40.0,0.85,0.85,0.85,0.9
sweep,50.0,229.6186389492254,0.07653954631640847,0.06,72.0,0.65,0.98,0.8,sweep,25.0,5.0,40.0,0.85,0.85,0.85,0.9
sweep,30.0,84.45108595969106,0.046917269977606146,0.06,45.0,0.6,0.98,0.85,sweep,25.0,5.0,40.0,0.85,0.85,0.85,0.9
sweep,40.0,85.79157938762266,0.03574649141150944,0.06,36.0,0.7,0.85,0.8,sweep,25.0,5.0,40.0,0.85,0.85,0.85,0.9
sweep,25.0,40.552742357594745,0.027035161571729832,0.06,50.0,0.6,0.9,0.8,sweep,25.0,3.0,40.0,0.85,0.85,0.85,0.9
sweep,45.0,152.0119547274439,0.056300723973127374,0.06,27.0,0.6,0.98,0.85,sweep,25.0,10.0,40.0,0.85,0.85,0.85,0.9
sweep,45.0,18.978683423354337,0.007029142008649754,0.06,36.0,0.65,0.9,0.8,sweep,25.0,1.0,40.0,0.85,0.85,0.85,0.9
sweep,30.0,27.738075772594808,0.015410042095886005,0.06,27.0,0.6,0.95,0.8,sweep,25.0,3.0,40.0,0.85,0.85,0.85,0.9
sweep,45.0,222.55345005847994,0.08242720372536294,0.06,72.0,0.7,0.98,0.8,sweep,25.0,5.0,40.0,0.85,0.85,0.85,0.9
sweep,20.0,59.34758668226133,0.04945632223521777,0.06,36.0,0.6,0.98,0.8,sweep,25.0,7.0,40.0,0.85,0.85,0.85,0.9
sweep,30.0,169.89571410714316,0.09438650783730175,0.06,54.0,0.7,0.95,0.9,sweep,25.0,7.0,40.0,0.85,0.85,0.85,0.9
sweep,45.0,114.00896604558291,0.04222554297984552,0.06,63.0,0.7,0.9,0.85,sweep,25.0,3.0,40.0,0.85,0.85,0.85,0.9
sweep,40.0,107.87029467120199,0.044945956113000826,0.06,36.0,0.7,0.95,0.9,sweep,25.0,5.0,40.0,0.85,0.85,0.85,0.9
sweep,50.0,247.28161117608883,0.08242720372536294,0.06,72.0,0.7,0.98,0.8,sweep,25.0,5.0,40.0,0.85,0.85,0.85,0.9
sweep,25.0,59.9279414840011,0.03995196098933407,0.06,36.0,0.7,0.95,0.8,sweep,25.0,5.0,40.0,0.85,0.85,0.85,0.9
sweep,50.0,233.7189717876044,0.07790632392920147,0.06,54.0,0.65,0.95,0.8,sweep,25.0,7.0,40.0,0.85,0.85,0.85,0.9
sweep,20.0,55.10847334781409,0.045923727789845076,0.06,72.0,0.65,0.98,0.8,sweep,25.0,3.0,40.0,0.85,0.85,0.85,0.9
sweep,20.0,94.58521627485398,0.07882101356237832,0.06,54.0,0.6,0.98,0.85,sweep,25.0,7.0,40.0,0.85,0.85,0.85,0.9
sweep,30.0,112.68593282616638,0.06260329601453687,0.06,27.0,0.65,0.95,0.9,sweep,25.0,10.0,40.0,0.85,0.85,0.85,0.9
sweep,45.0,20.438582148227752,0.007569845240084352,0.06,36.0,0.7,0.9,0.8,sweep,25.0,1.0,40.0,0.85,0.85,0.85,0.9
sweep,40.0,239.0904078058809,0.09962100325245037,0.06,63.0,0.65,0.98,0.85,sweep,25.0,7.0,40.0,0.85,0.85,0.85,0.9
sweep,30.0,149.36926768380727,0.08298292649100404,0.06,45.0,0.65,0.85,0.8,sweep,25.0,10.0,40.0,0.85,0.85,0.85,0.9
sweep,20.0,142.34012567515757,0.11861677139596463,0.06,54.0,0.65,0.9,0.9,sweep,25.0,10.0,40.0,0.85,0.85,0.85,0.9
sweep,35.0,137.23301468449796,0.0653490546116657,0.06,63.0,0.65,0.9,0.85,sweep,25.0,5.0,40.0,0.85,0.85,0.85,0.9
sweep,50.0,53.935147335600995,0.017978382445200333,0.06,72.0,0.7,0.95,0.9,sweep,25.0,1.0,40.0,0.85,0.85,0.85,0.9
sweep,50.0,253.35325787907314,0.08445108595969104,0.06,54.0,0.7,0.9,0.85,sweep,25.0,7.0,40.0,0.85,0.85,0.85,0.9
sweep,35.0,117.29317494401535,0.0558538928304835,0.06,50.0,0.7,0.9,0.85,sweep,25.0,5.0,40.0,0.85,0.85,0.85,0.9
sweep,20.0,74.0622618932211,0.06171855157768426,0.06,63.0,0.65,0.85,0.85,sweep,25.0,5.0,40.0,0.85,0.85,0.85,0.9
sweep,50.0,80.42960567589624,0.026809868558632082,0.06,45.0,0.7,0.85,0.8,sweep,25.0,3.0,40.0,0.85,0.85,0.85,0.9
sweep,45.0,155.78741504093597,0.05769904260775406,0.06,36.0,0.7,0.98,0.8,sweep,25.0,7.0,40.0,0.85,0.85,0.85,0.9
sweep,35.0,83.74732691002694,0.03987967948096521,0.06,27.0,0.7,0.85,0.85,sweep,25.0,7.0,40.0,0.85,0.85,0.85,0.9
sweep,45.0,394.40076489158236,0.14607435736725272,0.06,63.0,0.65,0.95,0.9,sweep,25.0,10.0,40.0,0.85,0.85,0.85,0.9
sweep,35.0,119.63903844289565,0.05697097068709317,0.06,54.0,0.7,0.85,0.85,sweep,25.0,5.0,40.0,0.85,0.85,0.85,0.9
sweep,25.0,120.64440851384434,0.08042960567589623,0.06,36.0,0.7,0.9,0.85,sweep,25.0,10.0,40.0,0.85,0.85,0.85,0.9
sweep,40.0,115.06164764928216,0.0479423531872009,0.06,36.0,0.6,0.95,0.8,sweep,25.0,7.0,40.0,0.85,0.85,0.85,0.9
sweep,20.0,7.640812539210141,0.0063673437826751176,0.06,27.0,0.7,0.95,0.85,sweep,25.0,1.0,40.0,0.85,0.85,0.85,0.9
sweep,50.0,25.852373252966647,0.008617457750988882,0.06,45.0,0.6,0.9,0.85,sweep,25.0,1.0,40.0,0.85,0.85,0.85,0.9
sweep,45.0,147.81474589343287,0.05474620218275291,0.06,54.0,0.6,0.9,0.9,sweep,25.0,5.0,40.0,0.85,0.85,0.85,0.9
sweep,30.0,75.11178939473699,0.041728771885964994,0.06,27.0,0.6,0.98,0.9,sweep,25.0,7.0,40.0,0.85,0.85,0.85,0.9
sweep,20.0,93.48758871504175,0.07790632392920147,0.06,54.0,0.65,0.95,0.8,sweep,25.0,7.0,40.0,0.85,0.85,0.85,0.9
sweep,40.0,144.77329021661325,0.06032220425692218,0.06,54.0,0.7,0.9,0.85,sweep,25.0,5.0,40.0,0.85,0.85,0.85,0.9
sweep,45.0,24.33164541455685,0.009011720523909944,0.06,50.0,0.6,0.9,0.8,sweep,25.0,1.0,40.0,0.85,0.85,0.85,0.9
sweep,25.0,97.3265816582274,0.0648843877721516,0.06,72.0,0.6,0.9,0.8,sweep,25.0,5.0,40.0,0.85,0.85,0.85,0.9
sweep,50.0,36.767819737552564,0.012255939912517522,0.06,72.0,0.6,0.85,0.8,sweep,25.0,1.0,40.0,0.85,0.85,0.85,0.9
sweep,50.0,134.43234091542655,0.044810780305142184,0.06,72.0,0.65,0.85,0.9,sweep,25.0,3.0,40.0,0.85,0.85,0.85,0.9
sweep,50.0,159.18359456687793,0.05306119818895931,0.06,45.0,0.7,0.95,0.85,sweep,25.0,5.0,40.0,0.85,0.85,0.85,0.9
sweep,35.0,315.28405424951325,0.15013526392833965,0.06,72.0,0.6,0.98,0.85,sweep,25.0,10.0,40.0,0.85,0.85,0.85,0.9
sweep,50.0,170.32151790189795,0.05677383930063265,0.06,45.0,0.6,0.9,0.8,sweep,25.0,7.0,40.0,0.85,0.85,0.85,0.9
sweep,20.0,143.82705956160265,0.11985588296800222,0.06,54.0,0.7,0.95,0.8,sweep,25.0,10.0,40.0,0.85,0.85,0.85,0.9
sweep,45.0,84.0202130721416,0.031118597434126517,0.06,50.0,0.65,0.85,0.9,sweep,25.0,3.0,40.0,0.85,0.85,0.85,0.9
sweep,25.0,89.89191222600166,0.05992794148400111,0.06,27.0,0.7,0.95,0.8,sweep,25.0,10.0,40.0,0.85,0.85,0.85,0.9
sweep,35.0,289.54658043322644,0.13787932401582212,0.06,72.0,0.6,0.85,0.9,sweep,25.0,10.0,40.0,0.85,0.85,0.85,0.9
sweep,35.0,243.4572622787545,0.11593202965654976,0.06,50.0,0.65,0.95,0.9,sweep,25.0,10.0,40.0,0.85,0.85,0.85,0.9
sweep,30.0,131.46692163052745,0.07303717868362636,0.06,45.0,0.65,0.95,0.9,sweep,25.0,7.0,40.0,0.85,0.85,0.85,0.9
sweep,40.0,124.47438973650607,0.05186432905687753,0.06,50.0,0.65,0.9,0.85,sweep,25.0,5.0,40.0,0.85,0.85,0.85,0.9
sweep,45.0,127.71072386965524,0.04730026809987231,0.06,72.0,0.65,0.95,0.85,sweep,25.0,3.0,40.0,0.85,0.85,0.85,0.9
sweep,40.0,86.86397412996794,0.03619332255415331,0.06,63.0,0.6,0.85,0.9,sweep,25.0,3.0,40.0,0.85,0.85,0.85,0.9
sweep,35.0,129.82284586744666,0.06182040279402222,0.06,45.0,0.6,0.98,0.8,sweep,25.0,7.0,40.0,0.85,0.85,0.85,0.9
sweep,50.0,22.709535720253058,0.007569845240084352,0.06,36.0,0.7,0.9,0.8,sweep,25.0,1.0,40.0,0.85,0.85,0.85,0.9
sweep,45.0,258.32096881787857,0.09567443289551059,0.06,45.0,0.65,0.98,0.8,sweep,25.0,10.0,40.0,0.85,0.85,0.85,0.9
sweep,45.0,22.40539015257109,0.008298292649100404,0.06,45.0,0.65,0.85,0.8,sweep,25.0,1.0,40.0,0.85,0.85,0.85,0.9
sweep,25.0,136.33606687610256,0.09089071125073504,0.06,63.0,0.65,0.95,0.8,sweep,25.0,7.0,40.0,0.85,0.85,0.85,0.9
sweep,20.0,96.51552681107549,0.08042960567589624,0.06,72.0,0.7,0.85,0.9,sweep,25.0,5.0,40.0,0.85,0.85,0.85,0.9
sweep,20.0,13.777118336953523,0.011480931947461269,0.06,54.0,0.65,0.98,0.8,sweep,25.0,1.0,40.0,0.85,0.85,0.85,0.9
sweep,40.0,19.176941274880352,0.007990392197866814,0.06,36.0,0.7,0.95,0.8,sweep,25.0,1.0,40.0,0.85,0.85,0.85,0.9
sweep,25.0,47.902926909908786,0.03193528460660586,0.06,45.0,0.7,0.9,0.9,sweep,25.0,3.0,40.0,0.85,0.85,0.85,0.9
sweep,25.0,16.85473354237531,0.011236489028250207,0.06,45.0,0.7,0.95,0.9,sweep,25.0,1.0,40.0,0.85,0.85,0.85,0.9
sweep,30.0,27.587354746832407,0.01532630819268467,0.06,63.0,0.7,0.98,0.85,sweep,25.0,1.0,40.0,0.85,0.85,0.85,0.9
sweep,40.0,13.869037886297406,0.005778765785957252,0.06,27.0,0.6,0.95,0.9,sweep,25.0,1.0,40.0,0.85,0.85,0.85,0.9
sweep,45.0,125.47018485439813,0.04647043883496227,0.06,36.0,0.65,0.85,0.8,sweep,25.0,7.0,40.0,0.85,0.85,0.85,0.9
sweep,50.0,102.54774723676769,0.0341825824122559,0.06,27.0,0.6,0.85,0.85,sweep,25.0,7.0,40.0,0.85,0.85,0.85,0.9
sweep,45.0,256.8340349314334,0.09512371664127163,0.06,50.0,0.6,0.95,0.8,sweep,25.0,10.0,40.0,0.85,0.85,0.85,0.9
sweep,40.0,194.73426880116995,0.08113927866715415,0.06,63.0,0.7,0.98,0.9,sweep,25.0,5.0,40.0,0.85,0.85,0.85,0.9
sweep,45.0,289.54658043322644,0.10723947423452831,0.06,63.0,0.6,0.85,0.8,sweep,25.0,10.0,40.0,0.85,0.85,0.85,0.9
sweep,45.0,73.90737294671644,0.027373101091376455,0.06,45.0,0.6,0.9,0.9,sweep,25.0,3.0,40.0,0.85,0.85,0.85,0.9
sweep,50.0,68.88559168476762,0.022961863894922538,0.06,36.0,0.65,0.98,0.8,sweep,25.0,3.0,40.0,0.85,0.85,0.85,0.9
sweep,25.0,108.18570488953885,0.07212380325969257,0.06,63.0,0.7,0.98,0.8,sweep,25.0,5.0,40.0,0.85,0.85,0.85,0.9
sweep,40.0,189.7868342335434,0.07907784759730975,0.06,72.0,0.65,0.9,0.9,sweep,25.0,5.0,40.0,0.85,0.85,0.85,0.9
sweep,45.0,145.62489780612276,0.05393514733560102,0.06,36.0,0.6,0.95,0.9,sweep,25.0,7.0,40.0,0.85,0.85,0.85,0.9
sweep,35.0,144.77329021661322,0.06893966200791106,0.06,36.0,0.6,0.85,0.9,sweep,25.0,10.0,40.0,0.85,0.85,0.85,0.9
sweep,30.0,136.7303296490236,0.07596129424945755,0.06,72.0,0.7,0.85,0.85,sweep,25.0,5.0,40.0,0.85,0.85,0.85,0.9
sweep,20.0,191.76941274880352,0.15980784395733627,0.06,72.0,0.7,0.95,0.8,sweep,25.0,10.0,40.0,0.85,0.85,0.85,0.9
sweep,35.0,110.34941898732963,0.05254734237491887,0.06,72.0,0.7,0.98,0.85,sweep,25.0,3.0,40.0,0.85,0.85,0.85,0.9
sweep,45.0,153.28936611170815,0.05677383930063265,0.06,45.0,0.6,0.9,0.8,sweep,25.0,7.0,40.0,0.85,0.85,0.85,0.9
sweep,45.0,137.96042950053732,0.05109645537056937,0.06,72.0,0.7,0.9,0.9,sweep,25.0,3.0,40.0,0.85,0.85,0.85,0.9
sweep,20.0,197.82528894087105,0.16485440745072588,0.06,72.0,0.7,0.98,0.8,sweep,25.0,10.0,40.0,0.85,0.85,0.85,0.9
sweep,30.0,175.72855021624386,0.0976269723423577,0.06,50.0,0.65,0.9,0.8,sweep,25.0,10.0,40.0,0.85,0.85,0.85,0.9
sweep,50.0,268.2563906954892,0.0894187968984964,0.06,54.0,0.7,0.9,0.9,sweep,25.0,7.0,40.0,0.85,0.85,0.85,0.9
sweep,25.0,85.45645603063976,0.05697097068709317,0.06,45.0,0.6,0.85,0.85,sweep,25.0,7.0,40.0,0.85,0.85,0.85,0.9
sweep,45.0,48.28615032518807,0.017883759379699285,0.06,27.0,0.6,0.98,0.9,sweep,25.0,3.0,40.0,0.85,0.85,0.85,0.9
sweep,35.0,101.34130315162926,0.048257763405537744,0.06,36.0,0.6,0.9,0.85,sweep,25.0,7.0,40.0,0.85,0.85,0.85,0.9
sweep,30.0,23.371897178760438,0.012984387321533578,0.06,63.0,0.65,0.95,0.8,sweep,25.0,1.0,40.0,0.85,0.85,0.85,0.9
sweep,45.0,41.880844669805974,0.01551142395177999,0.06,27.0,0.6,0.85,0.9,sweep,25.0,3.0,40.0,0.85,0.85,0.85,0.9
sweep,20.0,85.38943135924318,0.07115785946603598,0.06,63.0,0.65,0.98,0.85,sweep,25.0,5.0,40.0,0.85,0.85,0.85,0.9
sweep,25.0,166.9421227054317,0.11129474847028781,0.06,54.0,0.65,0.95,0.8,sweep,25.0,10.0,40.0,0.85,0.85,0.85,0.9
sweep,30.0,61.315746444683256,0.03406430358037959,0.06,63.0,0.6,0.9,0.8,sweep,25.0,3.0,40.0,0.85,0.85,0.85,0.9
sweep,45.0,17.579613812017318,0.006510968078524933,0.06,36.0,0.6,0.85,0.85,sweep,25.0,1.0,40.0,0.85,0.85,0.85,0.9
sweep,25.0,146.44045851353656,0.0976269723423577,0.06,50.0,0.65,0.9,0.8,sweep,25.0,10.0,40.0,0.85,0.85,0.85,0.9
sweep,30.0,51.66419376357572,0.028702329868653176,0.06,27.0,0.65,0.98,0.8,sweep,25.0,5.0,40.0,0.85,0.85,0.85,0.9
sweep,20.0,35.15922762403464,0.029299356353362203,0.06,54.0,0.6,0.85,0.85,sweep,25.0,3.0,40.0,0.85,0.85,0.85,0.9
sweep,40.0,81.32326796118396,0.03388469498382665,0.06,50.0,0.65,0.98,0.85,sweep,25.0,3.0,40.0,0.85,0.85,0.85,0.9
sweep,35.0,125.84867711640237,0.05992794148400113,0.06,63.0,0.6,0.95,0.8,sweep,25.0,5.0,40.0,0.85,0.85,0.85,0.9
sweep,35.0,54.28998383122997,0.025852373252966653,0.06,45.0,0.6,0.85,0.9,sweep,25.0,3.0,40.0,0.85,0.85,0.85,0.9
sweep,30.0,22.472978056500416,0.012484987809166898,0.06,50.0,0.7,0.95,0.9,sweep,25.0,1.0,40.0,0.85,0.85,0.85,0.9
sweep,45.0,197.08632785791045,0.07299493624367054,0.06,36.0,0.6,0.9,0.9,sweep,25.0,10.0,40.0,0.85,0.85,0.85,0.9
sweep,35.0,99.69919870241304,0.04747580890591097,0.06,45.0,0.7,0.85,0.85,sweep,25.0,5.0,40.0,0.85,0.85,0.85,0.9
sweep,30.0,95.22290814842714,0.05290161563801508,0.06,54.0,0.65,0.85,0.85,sweep,25.0,5.0,40.0,0.85,0.85,0.85,0.9
sweep,25.0,15.896675004177142,0.010597783336118095,0.06,54.0,0.6,0.98,0.8,sweep,25.0,1.0,40.0,0.85,0.85,0.85,0.9
sweep,20.0,78.82101356237831,0.06568417796864859,0.06,27.0,0.7,0.98,0.85,sweep,25.0,10.0,40.0,0.85,0.85,0.85,0.9
sweep,20.0,90.83814288101223,0.07569845240084352,0.06,72.0,0.7,0.9,0.8,sweep,25.0,5.0,40.0,0.85,0.85,0.85,0.9
sweep,35.0,108.91509101944281,0.05186432905687753,0.06,50.0,0.65,0.9,0.85,sweep,25.0,5.0,40.0,0.85,0.85,0.85,0.9
sweep,35.0,209.74779519400388,0.09987990247333518,0.06,45.0,0.7,0.95,0.8,sweep,25.0,10.0,40.0,0.85,0.85,0.85,0.9
sweep,40.0,36.98410103012641,0.015410042095886005,0.06,27.0,0.6,0.95,0.8,sweep,25.0,3.0,40.0,0.85,0.85,0.85,0.9
sweep,50.0,148.94371421462267,0.04964790473820756,0.06,50.0,0.7,0.85,0.8,sweep,25.0,5.0,40.0,0.85,0.85,0.85,0.9
sweep,50.0,33.60808522885664,0.011202695076285546,0.06,54.0,0.65,0.85,0.9,sweep,25.0,1.0,40.0,0.85,0.85,0.85,0.9
sweep,30.0,13.139088523860696,0.0072994936243670535,0.06,36.0,0.6,0.9,0.9,sweep,25.0,1.0,40.0,0.85,0.85,0.85,0.9
sweep,25.0,22.709535720253058,0.015139690480168704,0.06,72.0,0.7,0.9,0.8,sweep,25.0,1.0,40.0,0.85,0.85,0.85,0.9
sweep,45.0,217.15993532491984,0.08042960567589624,0.06,36.0,0.7,0.85,0.9,sweep,25.0,10.0,40.0,0.85,0.85,0.85,0.9
sweep,25.0,147.813337812101,0.09854222520806732,0.06,45.0,0.65,0.95,0.85,sweep,25.0,10.0,40.0,0.85,0.85,0.85,0.9
sweep,35.0,165.5509383495531,0.07883378016645386,0.06,72.0,0.65,0.95,0.85,sweep,25.0,5.0,40.0,0.85,0.85,0.85,0.9
sweep,50.0,82.11930327412936,0.027373101091376455,0.06,27.0,0.6,0.9,0.9,sweep,25.0,5.0,40.0,0.85,0.85,0.85,0.9
sweep,40.0,80.9027210034015,0.03370946708475062,0.06,45.0,0.7,0.95,0.9,sweep,25.0,3.0,40.0,0.85,0.85,0.85,0.9
sweep,50.0,102.19291074113876,0.03406430358037959,0.06,27.0,0.6,0.9,0.8,sweep,25.0,7.0,40.0,0.85,0.85,0.85,0.9
sweep,40.0,16.545518881898655,0.006893966200791106,0.06,36.0,0.6,0.9,0.85,sweep,25.0,1.0,40.0,0.85,0.85,0.85,0.9
sweep,25.0,112.02695076285546,0.07468463384190364,0.06,72.0,0.65,0.9,0.85,sweep,25.0,5.0,40.0,0.85,0.85,0.85,0.9
sweep,30.0,262.7817704772139,0.14598987248734108,0.06,72.0,0.6,0.9,0.9,sweep,25.0,10.0,40.0,0.85,0.85,0.85,0.9
sweep,30.0,163.50865718582202,0.09083814288101223,0.06,72.0,0.6,0.9,0.8,sweep,25.0,7.0,40.0,0.85,0.85,0.85,0.9
sweep,40.0,333.8301750877199,0.13909590628654997,0.06,63.0,0.6,0.98,0.9,sweep,25.0,10.0,40.0,0.85,0.85,0.85,0.9
sweep,20.0,9.588470637440176,0.007990392197866814,0.06,36.0,0.7,0.95,0.8,sweep,25.0,1.0,40.0,0.85,0.85,0.85,0.9
sweep,20.0,15.951871792386086,0.013293226493655072,0.06,63.0,0.7,0.85,0.85,sweep,25.0,1.0,40.0,0.85,0.85,0.85,0.9
sweep,45.0,132.85078396348035,0.04920399406054828,0.06,36.0,0.65,0.9,0.8,sweep,25.0,7.0,40.0,0.85,0.85,0.85,0.9
sweep,20.0,66.77684908217269,0.055647374235143904,0.06,27.0,0.65,0.95,0.8,sweep,25.0,10.0,40.0,0.85,0.85,0.85,0.9
sweep,50.0,17.032151790189793,0.0056773839300632645,0.06,27.0,0.7,0.9,0.8,sweep,25.0,1.0,40.0,0.85,0.85,0.85,0.9
sweep,40.0,150.2479104348885,0.06260329601453687,0.06,54.0,0.65,0.95,0.9,sweep,25.0,5.0,40.0,0.85,0.85,0.85,0.9
sweep,45.0,252.06063921642482,0.09335579230237956,0.06,45.0,0.65,0.85,0.9,sweep,25.0,10.0,40.0,0.85,0.85,0.85,0.9
sweep,35.0,106.12239637791866,0.050534474465675557,0.06,50.0,0.6,0.95,0.85,sweep,25.0,5.0,40.0,0.85,0.85,0.85,0.9
sweep,40.0,237.23354279192927,0.0988473094966372,0.06,45.0,0.65,0.9,0.9,sweep,25.0,10.0,40.0,0.85,0.85,0.85,0.9
sweep,25.0,21.974517265021653,0.014649678176681101,0.06,27.0,0.6,0.85,0.85,sweep,25.0,3.0,40.0,0.85,0.85,0.85,0.9
sweep,30.0,229.93404916756222,0.12774113842642346,0.06,63.0,0.6,0.9,0.9,sweep,25.0,10.0,40.0,0.85,0.85,0.85,0.9
sweep,50.0,19.705253390594578,0.006568417796864859,0.06,27.0,0.7,0.98,0.85,sweep,25.0,1.0,40.0,0.85,0.85,0.85,0.9
sweep,20.0,70.95040214980847,0.059125335124840396,0.06,54.0,0.65,0.95,0.85,sweep,25.0,5.0,40.0,0.85,0.85,0.85,0.9
sweep,25.0,24.341783600146243,0.01622785573343083,0.06,63.0,0.7,0.98,0.9,sweep,25.0,1.0,40.0,0.85,0.85,0.85,0.9
sweep,45.0,289.5465804332265,0.10723947423452833,0.06,54.0,0.7,0.85,0.8,sweep,25.0,10.0,40.0,0.85,0.85,0.85,0.9
sweep,35.0,272.6721337522051,0.12984387321533578,0.06,63.0,0.65,0.95,0.8,sweep,25.0,10.0,40.0,0.85,0.85,0.85,0.9
sweep,30.0,108.57996766245992,0.06032220425692218,0.06,45.0,0.6,0.85,0.9,sweep,25.0,7.0,40.0,0.85,0.85,0.85,0.9
sweep,20.0,62.73509242719906,0.05227924368933255,0.06,36.0,0.65,0.85,0.9,sweep,25.0,7.0,40.0,0.85,0.85,0.85,0.9
sweep,20.0,76.64468305585406,0.06387056921321171,0.06,54.0,0.7,0.9,0.9,sweep,25.0,5.0,40.0,0.85,0.85,0.85,0.9
sweep,45.0,252.06063921642482,0.09335579230237956,0.06,45.0,0.65,0.9,0.85,sweep,25.0,10.0,40.0,0.85,0.85,0.85,0.9
sweep,40.0,204.26566520862536,0.08511069383692724,0.06,50.0,0.6,0.85,0.8,sweep,25.0,10.0,40.0,0.85,0.85,0.85,0.9
sweep,25.0,191.61170763963514,0.12774113842642343,0.06,54.0,0.7,0.9,0.9,sweep,25.0,10.0,40.0,0.85,0.85,0.85,0.9
sweep,25.0,122.08065147234251,0.08138710098156167,0.06,45.0,0.6,0.85,0.85,sweep,25.0,10.0,40.0,0.85,0.85,0.85,0.9
sweep,30.0,19.975980494667034,0.011097766941481686,0.06,50.0,0.7,0.95,0.8,sweep,25.0,1.0,40.0,0.85,0.85,0.85,0.9
sweep,40.0,195.32904235574802,0.08138710098156167,0.06,45.0,0.6,0.85,0.85,sweep,25.0,10.0,40.0,0.85,0.85,0.85,0.9
sweep,35.0,180.82467817251498,0.08610698960595951,0.06,72.0,0.65,0.98,0.9,sweep,25.0,5.0,40.0,0.85,0.85,0.85,0.9
sweep,40.0,224.05390152571096,0.09335579230237956,0.06,45.0,0.65,0.85,0.9,sweep,25.0,10.0,40.0,0.85,0.85,0.85,0.9
sweep,50.0,154.99258129072712,0.05166419376357571,0.06,72.0,0.65,0.98,0.9,sweep,25.0,3.0,40.0,0.85,0.85,0.85,0.9
sweep,40.0,88.56718930898691,0.03690299554541121,0.06,63.0,0.65,0.9,0.8,sweep,25.0,3.0,40.0,0.85,0.85,0.85,0.9
sweep,40.0,72.99493624367054,0.030414556768196058,0.06,50.0,0.6,0.9,0.9,sweep,25.0,3.0,40.0,0.85,0.85,0.85,0.9
sweep,20.0,6.812860716075917,0.0056773839300632645,0.06,27.0,0.7,0.9,0.8,sweep,25.0,1.0,40.0,0.85,0.85,0.85,0.9
sweep,30.0,124.16320376216481,0.06897955764564712,0.06,63.0,0.65,0.95,0.85,sweep,25.0,5.0,40.0,0.85,0.85,0.85,0.9
sweep,20.0,63.58670001670856,0.05298891668059047,0.06,36.0,0.7,0.9,0.8,sweep,25.0,7.0,40.0,0.85,0.85,0.85,0.9
sweep,40.0,253.15454944152097,0.1054810622673004,0.06,63.0,0.65,0.98,0.9,sweep,25.0,7.0,40.0,0.85,0.85,0.85,0.9
sweep,20.0,11.715236681082924,0.00976269723423577,0.06,50.0,0.65,0.9,0.8,sweep,25.0,1.0,40.0,0.85,0.85,0.85,0.9
sweep,45.0,100.82425568656991,0.03734231692095182,0.06,36.0,0.65,0.9,0.85,sweep,25.0,5.0,40.0,0.85,0.85,0.85,0.9
sweep,50.0,251.69735423280463,0.08389911807760154,0.06,54.0,0.7,0.95,0.8,sweep,25.0,7.0,40.0,0.85,0.85,0.85,0.9
sweep,35.0,319.0374358477217,0.1519225884989151,0.06,72.0,0.7,0.85,0.85,sweep,25.0,10.0,40.0,0.85,0.85,0.85,0.9
sweep,50.0,255.48227685284684,0.08516075895094895,0.06,72.0,0.7,0.9,0.9,sweep,25.0,5.0,40.0,0.85,0.85,0.85,0.9
sweep,25.0,31.793350008354285,0.02119556667223619,0.06,36.0,0.6,0.98,0.8,sweep,25.0,3.0,40.0,0.85,0.85,0.85,0.9
sweep,30.0,24.270816301020446,0.013483786833900249,0.06,54.0,0.7,0.95,0.9,sweep,25.0,1.0,40.0,0.85,0.85,0.85,0.9
sweep,40.0,141.90080429961694,0.059125335124840396,0.06,54.0,0.65,0.95,0.85,sweep,25.0,5.0,40.0,0.85,0.85,0.85,0.9
sweep,35.0,146.8234566358027,0.06991593173133462,0.06,63.0,0.7,0.95,0.8,sweep,25.0,5.0,40.0,0.85,0.85,0.85,0.9
sweep,45.0,180.96661277076652,0.0670246713965802,0.06,50.0,0.6,0.85,0.9,sweep,25.0,7.0,40.0,0.85,0.85,0.85,0.9
sweep,40.0,155.81264785840293,0.06492193660766789,0.06,45.0,0.65,0.95,0.8,sweep,25.0,7.0,40.0,0.85,0.85,0.85,0.9
sweep,40.0,103.40949301186659,0.043087288754944414,0.06,45.0,0.6,0.9,0.85,sweep,25.0,5.0,40.0,0.85,0.85,0.85,0.9
sweep,50.0,247.28161117608883,0.08242720372536294,0.06,36.0,0.7,0.98,0.8,sweep,25.0,10.0,40.0,0.85,0.85,0.85,0.9
sweep,20.0,46.36530209551665,0.038637751746263875,0.06,50.0,0.7,0.98,0.9,sweep,25.0,3.0,40.0,0.85,0.85,0.85,0.9
sweep,35.0,22.520289589250947,0.010723947423452831,0.06,63.0,0.6,0.85,0.8,sweep,25.0,1.0,40.0,0.85,0.85,0.85,0.9
sweep,50.0,89.89191222600166,0.029963970742000554,0.06,45.0,0.7,0.95,0.8,sweep,25.0,3.0,40.0,0.85,0.85,0.85,0.9
sweep,35.0,173.82848526703074,0.08277546917477654,0.06,54.0,0.65,0.95,0.85,sweep,25.0,7.0,40.0,0.85,0.85,0.85,0.9
sweep,50.0,17.221397921191905,0.0057404659737306345,0.06,27.0,0.65,0.98,0.8,sweep,25.0,1.0,40.0,0.85,0.85,0.85,0.9
sweep,45.0,114.00896604558291,0.04222554297984552,0.06,27.0,0.7,0.9,0.85,sweep,25.0,7.0,40.0,0.85,0.85,0.85,0.9
sweep,40.0,89.02138002339198,0.037092241676413326,0.06,54.0,0.7,0.98,0.8,sweep,25.0,3.0,40.0,0.85,0.85,0.85,0.9
sweep,20.0,43.914564699039346,0.03659547058253279,0.06,54.0,0.65,0.98,0.85,sweep,25.0,3.0,40.0,0.85,0.85,0.85,0.9
sweep,45.0,165.45518881898656,0.06127969956258761,0.06,72.0,0.6,0.85,0.8,sweep,25.0,5.0,40.0,0.85,0.85,0.85,0.9
sweep,35.0,31.296578914473738,0.014903132816416066,0.06,63.0,0.7,0.9,0.9,sweep,25.0,1.0,40.0,0.85,0.85,0.85,0.9
sweep,20.0,45.98680983351244,0.03832234152792703,0.06,27.0,0.6,0.9,0.9,sweep,25.0,7.0,40.0,0.85,0.85,0.85,0.9
sweep,45.0,228.01793209116585,0.08445108595969106,0.06,63.0,0.6,0.9,0.85,sweep,25.0,7.0,40.0,0.85,0.85,0.85,0.9
sweep,35.0,28.95465804332265,0.013787932401582213,0.06,27.0,0.6,0.85,0.8,sweep,25.0,3.0,40.0,0.85,0.85,0.85,0.9
sweep,40.0,31.528405424951327,0.01313683559372972,0.06,63.0,0.6,0.98,0.85,sweep,25.0,1.0,40.0,0.85,0.85,0.85,0.9
sweep,45.0,127.71072386965524,0.04730026809987231,0.06,72.0,0.65,0.95,0.85,sweep,25.0,3.0,40.0,0.85,0.85,0.85,0.9
sweep,45.0,65.14798059747595,0.02412888170276887,0.06,36.0,0.7,0.9,0.85,sweep,25.0,3.0,40.0,0.85,0.85,0.85,0.9
sweep,50.0,33.51233569829011,0.011170778566096702,0.06,50.0,0.7,0.85,0.9,sweep,25.0,1.0,40.0,0.85,0.85,0.85,0.9
sweep,30.0,23.525659660199647,0.013069810922333138,0.06,63.0,0.65,0.85,0.9,sweep,25.0,1.0,40.0,0.85,0.85,0.85,0.9
sweep,50.0,54.89320587379919,0.018297735291266395,0.06,27.0,0.65,0.98,0.85,sweep,25.0,3.0,40.0,0.85,0.85,0.85,0.9
sweep,35.0,165.17638871527805,0.07865542319775146,0.06,63.0,0.7,0.95,0.9,sweep,25.0,5.0,40.0,0.85,0.85,0.85,0.9
sweep,35.0,69.19311664764604,0.03294910316554573,0.06,50.0,0.65,0.9,0.9,sweep,25.0,3.0,40.0,0.85,0.85,0.85,0.9
sweep,30.0,28.46802513503151,0.01581556951946195,0.06,72.0,0.65,0.9,0.9,sweep,25.0,1.0,40.0,0.85,0.85,0.85,0.9
sweep,25.0,151.45998684535442,0.10097332456356961,0.06,63.0,0.7,0.98,0.8,sweep,25.0,7.0,40.0,0.85,0.85,0.85,0.9
sweep,20.0,75.12395521744425,0.06260329601453687,0.06,54.0,0.65,0.95,0.9,sweep,25.0,5.0,40.0,0.85,0.85,0.85,0.9
sweep,45.0,256.8340349314334,0.09512371664127163,0.06,50.0,0.6,0.95,0.8,sweep,25.0,10.0,40.0,0.85,0.85,0.85,0.9
sweep,50.0,196.0471638349971,0.0653490546116657,0.06,45.0,0.65,0.9,0.85,sweep,25.0,7.0,40.0,0.85,0.85,0.85,0.9
sweep,30.0,242.70816301020457,0.13483786833900255,0.06,63.0,0.6,0.95,0.9,sweep,25.0,10.0,40.0,0.85,0.85,0.85,0.9
sweep,35.0,75.06763196416983,0.03574649141150944,0.06,36.0,0.7,0.85,0.8,sweep,25.0,5.0,40.0,0.85,0.85,0.85,0.9
sweep,45.0,44.510690011695985,0.016485440745072587,0.06,72.0,0.7,0.98,0.8,sweep,25.0,1.0,40.0,0.85,0.85,0.85,0.9
sweep,45.0,85.84204502255658,0.03179335000835429,0.06,54.0,0.6,0.98,0.8,sweep,25.0,3.0,40.0,0.85,0.85,0.85,0.9
sweep,35.0,166.0350054207506,0.07906428829559552,0.06,50.0,0.65,0.98,0.85,sweep,25.0,7.0,40.0,0.85,0.85,0.85,0.9
sweep,20.0,10.580323127603014,0.008816935939669179,0.06,45.0,0.65,0.85,0.85,sweep,25.0,1.0,40.0,0.85,0.85,0.85,0.9
sweep,35.0,49.66528150486592,0.023650134049936156,0.06,36.0,0.65,0.95,0.85,sweep,25.0,3.0,40.0,0.85,0.85,0.85,0.9
sweep,30.0,50.41212784328496,0.02800673769071387,0.06,45.0,0.65,0.85,0.9,sweep,25.0,3.0,40.0,0.85,0.85,0.85,0.9
sweep,40.0,193.03105362215098,0.08042960567589624,0.06,36.0,0.7,0.85,0.9,sweep,25.0,10.0,40.0,0.85,0.85,0.85,0.9
sweep,25.0,46.67789615118978,0.031118597434126517,0.06,50.0,0.65,0.9,0.85,sweep,25.0,3.0,40.0,0.85,0.85,0.85,0.9
sweep,50.0,298.7385353676146,0.09957951178920486,0.06,54.0,0.65,0.85,0.8,sweep,25.0,10.0,40.0,0.85,0.85,0.85,0.9
sweep,45.0,240.68559498511956,0.08914281295745169,0.06,63.0,0.6,0.95,0.85,sweep,25.0,7.0,40.0,0.85,0.85,0.85,0.9
sweep,50.0,124.16320376216481,0.04138773458738827,0.06,27.0,0.65,0.95,0.85,sweep,25.0,7.0,40.0,0.85,0.85,0.85,0.9
sweep,20.0,11.260144794625473,0.009383453995521228,0.06,45.0,0.6,0.98,0.85,sweep,25.0,1.0,40.0,0.85,0.85,0.85,0.9
sweep,30.0,193.03105362215098,0.10723947423452833,0.06,54.0,0.7,0.85,0.8,sweep,25.0,10.0,40.0,0.85,0.85,0.85,0.9
sweep,50.0,236.50134049936156,0.07883378016645386,0.06,72.0,0.65,0.95,0.85,sweep,25.0,5.0,40.0,0.85,0.85,0.85,0.9
sweep,45.0,219.57282349519673,0.08132326796118397,0.06,36.0,0.65,0.98,0.85,sweep,25.0,10.0,40.0,0.85,0.85,0.85,0.9
sweep,20.0,74.18448335282666,0.06182040279402221,0.06,27.0,0.7,0.98,0.8,sweep,25.0,10.0,40.0,0.85,0.85,0.85,0.9
sweep,20.0,100.67894169312189,0.08389911807760157,0.06,63.0,0.6,0.95,0.8,sweep,25.0,7.0,40.0,0.85,0.85,0.85,0.9
sweep,50.0,193.03105362215098,0.064343684540717,0.06,54.0,0.6,0.85,0.8,sweep,25.0,7.0,40.0,0.85,0.85,0.85,0.9
sweep,35.0,155.08764242597582,0.07385125829808373,0.06,50.0,0.7,0.85,0.85,sweep,25.0,7.0,40.0,0.85,0.85,0.85,0.9
sweep,45.0,20.50954944735354,0.007596129424945755,0.06,36.0,0.7,0.85,0.85,sweep,25.0,1.0,40.0,0.85,0.85,0.85,0.9
sweep,40.0,59.74770707352292,0.024894877947301216,0.06,27.0,0.65,0.85,0.8,sweep,25.0,5.0,40.0,0.85,0.85,0.85,0.9
sweep,30.0,19.647803672254657,0.01091544648458592,0.06,54.0,0.6,0.95,0.85,sweep,25.0,1.0,40.0,0.85,0.85,0.85,0.9
sweep,35.0,107.3025562781957,0.05109645537056938,0.06,36.0,0.6,0.9,0.9,sweep,25.0,7.0,40.0,0.85,0.85,0.85,0.9
sweep,30.0,61.315746444683256,0.03406430358037959,0.06,63.0,0.6,0.9,0.8,sweep,25.0,3.0,40.0,0.85,0.85,0.85,0.9
sweep,20.0,94.60053619974462,0.07883378016645386,0.06,72.0,0.65,0.95,0.85,sweep,25.0,5.0,40.0,0.85,0.85,0.85,0.9
sweep,35.0,332.12695990870094,0.1581556951946195,0.06,72.0,0.65,0.9,0.9,sweep,25.0,10.0,40.0,0.85,0.85,0.85,0.9
sweep,25.0,18.54612083820666,0.012364080558804441,0.06,54.0,0.7,0.98,0.8,sweep,25.0,1.0,40.0,0.85,0.85,0.85,0.9
sweep,45.0,93.61600573250749,0.034672594715743514,0.06,54.0,0.6,0.95,0.9,sweep,25.0,3.0,40.0,0.85,0.85,0.85,0.9
sweep,25.0,42.0101065360708,0.02800673769071387,0.06,45.0,0.65,0.9,0.85,sweep,25.0,3.0,40.0,0.85,0.85,0.85,0.9
sweep,20.0,9.891264447043552,0.008242720372536294,0.06,36.0,0.7,0.98,0.8,sweep,25.0,1.0,40.0,0.85,0.85,0.85,0.9
sweep,45.0,28.893828929786263,0.01070141812214306,0.06,50.0,0.6,0.95,0.9,sweep,25.0,1.0,40.0,0.85,0.85,0.85,0.9
sweep,45.0,279.20563113203985,0.10340949301186661,0.06,54.0,0.6,0.9,0.85,sweep,25.0,10.0,40.0,0.85,0.85,0.85,0.9
sweep,35.0,46.743794357520876,0.02225894969405756,0.06,36.0,0.65,0.95,0.8,sweep,25.0,3.0,40.0,0.85,0.85,0.85,0.9
sweep,20.0,5.515172960632885,0.004595977467194071,0.06,27.0,0.6,0.85,0.8,sweep,25.0,1.0,40.0,0.85,0.85,0.85,0.9
sweep,40.0,42.037873899935086,0.01751578079163962,0.06,72.0,0.7,0.98,0.85,sweep,25.0,1.0,40.0,0.85,0.85,0.85,0.9
sweep,40.0,231.77131368937432,0.09657138070390597,0.06,63.0,0.65,0.95,0.85,sweep,25.0,7.0,40.0,0.85,0.85,0.85,0.9
sweep,25.0,115.57531571914505,0.07705021047943003,0.06,36.0,0.6,0.95,0.9,sweep,25.0,10.0,40.0,0.85,0.85,0.85,0.9
sweep,40.0,23.723354279192925,0.009884730949663719,0.06,45.0,0.65,0.9,0.9,sweep,25.0,1.0,40.0,0.85,0.85,0.85,0.9
sweep,20.0,15.02479104348885,0.012520659202907375,0.06,54.0,0.65,0.95,0.9,sweep,25.0,1.0,40.0,0.85,0.85,0.85,0.9
sweep,40.0,128.68736908143399,0.05361973711726416,0.06,45.0,0.6,0.85,0.8,sweep,25.0,7.0,40.0,0.85,0.85,0.85,0.9
sweep,20.0,35.58503141878939,0.029654192848991158,0.06,27.0,0.65,0.9,0.9,sweep,25.0,5.0,40.0,0.85,0.85,0.85,0.9
sweep,30.0,66.42539198174018,0.03690299554541121,0.06,63.0,0.65,0.9,0.8,sweep,25.0,3.0,40.0,0.85,0.85,0.85,0.9
sweep,30.0,56.93605027006301,0.031631139038923894,0.06,54.0,0.65,0.9,0.8,sweep,25.0,3.0,40.0,0.85,0.85,0.85,0.9
sweep,40.0,15.572253065316383,0.0064884387772151594,0.06,36.0,0.6,0.9,0.8,sweep,25.0,1.0,40.0,0.85,0.85,0.85,0.9
sweep,50.0,262.1847439925048,0.08739491466416828,0.06,50.0,0.7,0.95,0.9,sweep,25.0,7.0,40.0,0.85,0.85,0.85,0.9
sweep,45.0,113.26380940476209,0.04194955903880077,0.06,63.0,0.7,0.95,0.8,sweep,25.0,3.0,40.0,0.85,0.85,0.85,0.9
sweep,40.0,222.5534500584799,0.0927306041910333,0.06,72.0,0.7,0.98,0.9,sweep,25.0,5.0,40.0,0.85,0.85,0.85,0.9
sweep,40.0,29.963970742000555,0.012484987809166898,0.06,50.0,0.7,0.95,0.9,sweep,25.0,1.0,40.0,0.85,0.85,0.85,0.9
sweep,35.0,248.32640752432965,0.11825067024968079,0.06,54.0,0.65,0.95,0.85,sweep,25.0,10.0,40.0,0.85,0.85,0.85,0.9
sweep,45.0,212.81673661842146,0.07882101356237832,0.06,54.0,0.6,0.98,0.85,sweep,25.0,7.0,40.0,0.85,0.85,0.85,0.9
sweep,30.0,165.52412848099445,0.09195784915610802,0.06,54.0,0.7,0.98,0.85,sweep,25.0,7.0,40.0,0.85,0.85,0.85,0.9
sweep,35.0,73.19094116506557,0.0348528291262217,0.06,63.0,0.65,0.85,0.8,sweep,25.0,3.0,40.0,0.85,0.85,0.85,0.9
sweep,35.0,17.528922884070322,0.008347106135271582,0.06,36.0,0.65,0.95,0.9,sweep,25.0,1.0,40.0,0.85,0.85,0.85,0.9
sweep,50.0,100.5370070948703,0.033512335698290104,0.06,50.0,0.7,0.85,0.9,sweep,25.0,3.0,40.0,0.85,0.85,0.85,0.9
sweep,50.0,42.32129251041206,0.014107097503470686,0.06,72.0,0.65,0.85,0.85,sweep,25.0,1.0,40.0,0.85,0.85,0.85,0.9
sweep,35.0,160.9523011731766,0.0766439529396079,0.06,50.0,0.65,0.95,0.85,sweep,25.0,7.0,40.0,0.85,0.85,0.85,0.9
sweep,20.0,139.11843558785972,0.11593202965654976,0.06,50.0,0.65,0.95,0.9,sweep,25.0,10.0,40.0,0.85,0.85,0.85,0.9
sweep,40.0,367.38982231876065,0.15307909263281694,0.06,72.0,0.65,0.98,0.8,sweep,25.0,10.0,40.0,0.85,0.85,0.85,0.9
sweep,25.0,22.405390152571094,0.014936926768380729,0.06,27.0,0.65,0.85,0.8,sweep,25.0,3.0,40.0,0.85,0.85,0.85,0.9
sweep,25.0,25.636936809191923,0.01709129120612795,0.06,27.0,0.7,0.85,0.85,sweep,25.0,3.0,40.0,0.85,0.85,0.85,0.9
sweep,30.0,132.47229170147617,0.0735957176119312,0.06,50.0,0.7,0.9,0.8,sweep,25.0,7.0,40.0,0.85,0.85,0.85,0.9
sweep,25.0,98.02358191749855,0.0653490546116657,0.06,45.0,0.65,0.85,0.9,sweep,25.0,7.0,40.0,0.85,0.85,0.85,0.9
sweep,25.0,19.705253390594578,0.013136835593729718,0.06,54.0,0.7,0.98,0.85,sweep,25.0,1.0,40.0,0.85,0.85,0.85,0.9
sweep,20.0,155.72253065316383,0.1297687755443032,0.06,72.0,0.6,0.9,0.8,sweep,25.0,10.0,40.0,0.85,0.85,0.85,0.9
sweep,50.0,243.41783600146243,0.08113927866715415,0.06,45.0,0.7,0.98,0.9,sweep,25.0,7.0,40.0,0.85,0.85,0.85,0.9
sweep,25.0,73.2483908834055,0.048832260588937006,0.06,27.0,0.6,0.85,0.85,sweep,25.0,10.0,40.0,0.85,0.85,0.85,0.9
sweep,20.0,45.57677654967453,0.037980647124728775,0.06,36.0,0.7,0.85,0.85,sweep,25.0,5.0,40.0,0.85,0.85,0.85,0.9
sweep,30.0,128.68736908143399,0.07149298282301889,0.06,36.0,0.7,0.85,0.8,sweep,25.0,10.0,40.0,0.85,0.85,0.85,0.9
sweep,30.0,198.66112601946372,0.1103672922330354,0.06,72.0,0.65,0.95,0.85,sweep,25.0,7.0,40.0,0.85,0.85,0.85,0.9
sweep,45.0,206.65677505430287,0.07653954631640847,0.06,36.0,0.65,0.98,0.8,sweep,25.0,10.0,40.0,0.85,0.85,0.85,0.9
sweep,20.0,58.87657408954497,0.049063811741287475,0.06,50.0,0.6,0.98,0.8,sweep,25.0,5.0,40.0,0.85,0.85,0.85,0.9
sweep,30.0,25.964569173489327,0.014424760651938515,0.06,63.0,0.7,0.98,0.8,sweep,25.0,1.0,40.0,0.85,0.85,0.85,0.9
sweep,20.0,39.74168751044285,0.033118072925369044,0.06,50.0,0.6,0.98,0.9,sweep,25.0,3.0,40.0,0.85,0.85,0.85,0.9
sweep,40.0,95.38005002506284,0.03974168751044285,0.06,63.0,0.7,0.9,0.8,sweep,25.0,3.0,40.0,0.85,0.85,0.85,0.9
sweep,25.0,49.26313347648644,0.032842088984324294,0.06,45.0,0.7,0.98,0.85,sweep,25.0,3.0,40.0,0.85,0.85,0.85,0.9
sweep,45.0,79.81920241853453,0.029562667562420198,0.06,27.0,0.65,0.95,0.85,sweep,25.0,5.0,40.0,0.85,0.85,0.85,0.9
sweep,35.0,196.89798289896078,0.09376094423760037,0.06,63.0,0.65,0.98,0.8,sweep,25.0,7.0,40.0,0.85,0.85,0.85,0.9
sweep,40.0,31.528405424951323,0.013136835593729718,0.06,54.0,0.7,0.98,0.85,sweep,25.0,1.0,40.0,0.85,0.85,0.85,0.9
sweep,45.0,38.94685376023399,0.014424760651938515,0.06,63.0,0.7,0.98,0.8,sweep,25.0,1.0,40.0,0.85,0.85,0.85,0.9
sweep,35.0,108.91509101944281,0.05186432905687753,0.06,50.0,0.65,0.85,0.9,sweep,25.0,5.0,40.0,0.85,0.85,0.85,0.9
sweep,35.0,170.9129120612795,0.08138710098156167,0.06,45.0,0.6,0.85,0.85,sweep,25.0,10.0,40.0,0.85,0.85,0.85,0.9
sweep,40.0,82.42720372536294,0.034344668218901225,0.06,50.0,0.7,0.98,0.8,sweep,25.0,3.0,40.0,0.85,0.85,0.85,0.9
sweep,40.0,164.582804207158,0.06857616841964917,0.06,50.0,0.65,0.85,0.85,sweep,25.0,7.0,40.0,0.85,0.85,0.85,0.9
sweep,35.0,30.65787322234163,0.01459898724873411,0.06,27.0,0.6,0.9,0.8,sweep,25.0,3.0,40.0,0.85,0.85,0.85,0.9
sweep,40.0,73.53563947510513,0.030639849781293804,0.06,36.0,0.6,0.85,0.8,sweep,25.0,5.0,40.0,0.85,0.85,0.85,0.9
sweep,30.0,124.16320376216481,0.06897955764564712,0.06,45.0,0.65,0.95,0.85,sweep,25.0,7.0,40.0,0.85,0.85,0.85,0.9
sweep,35.0,87.64461442035162,0.041735530676357914,0.06,36.0,0.65,0.95,0.9,sweep,25.0,5.0,40.0,0.85,0.85,0.85,0.9
sweep,45.0,322.9012110223482,0.11959304111938822,0.06,50.0,0.65,0.98,0.9,sweep,25.0,10.0,40.0,0.85,0.85,0.85,0.9
sweep,20.0,26.197071563006208,0.02183089296917184,0.06,36.0,0.6,0.95,0.85,sweep,25.0,3.0,40.0,0.85,0.85,0.85,0.9
sweep,25.0,114.94731144513503,0.07663154096342335,0.06,63.0,0.7,0.98,0.85,sweep,25.0,5.0,40.0,0.85,0.85,0.85,0.9
sweep,20.0,204.38582148227746,0.1703215179018979,0.06,72.0,0.7,0.9,0.9,sweep,25.0,10.0,40.0,0.85,0.85,0.85,0.9
sweep,25.0,45.74433822816599,0.030496225485443992,0.06,45.0,0.65,0.98,0.85,sweep,25.0,3.0,40.0,0.85,0.85,0.85,0.9
sweep,25.0,21.974517265021653,0.014649678176681101,0.06,27.0,0.6,0.85,0.85,sweep,25.0,3.0,40.0,0.85,0.85,0.85,0.9
sweep,20.0,13.553877993530664,0.01129489832794222,0.06,50.0,0.65,0.98,0.85,sweep,25.0,1.0,40.0,0.85,0.85,0.85,0.9
sweep,45.0,226.52761880952417,0.08389911807760154,0.06,54.0,0.7,0.95,0.8,sweep,25.0,7.0,40.0,0.85,0.85,0.85,0.9
sweep,45.0,131.39088523860698,0.0486632908291137,0.06,27.0,0.6,0.9,0.8,sweep,25.0,10.0,40.0,0.85,0.85,0.85,0.9
sweep,25.0,17.172334109450617,0.011448222739633744,0.06,50.0,0.7,0.98,0.8,sweep,25.0,1.0,40.0,0.85,0.85,0.85,0.9
sweep,35.0,148.57135492908614,0.07074826425194577,0.06,50.0,0.6,0.95,0.85,sweep,25.0,7.0,40.0,0.85,0.85,0.85,0.9
sweep,35.0,158.9667500417714,0.07569845240084352,0.06,36.0,0.7,0.9,0.8,sweep,25.0,10.0,40.0,0.85,0.85,0.85,0.9
sweep,30.0,84.94785705357158,0.047193253918650875,0.06,63.0,0.7,0.95,0.9,sweep,25.0,3.0,40.0,0.85,0.85,0.85,0.9
sweep,30.0,94.8934171167717,0.052718565064873164,0.06,54.0,0.65,0.9,0.8,sweep,25.0,5.0,40.0,0.85,0.85,0.85,0.9
sweep,25.0,98.02358191749855,0.0653490546116657,0.06,63.0,0.65,0.85,0.9,sweep,25.0,5.0,40.0,0.85,0.85,0.85,0.9
sweep,50.0,77.05021047943002,0.025683403493143343,0.06,27.0,0.6,0.95,0.8,sweep,25.0,5.0,40.0,0.85,0.85,0.85,0.9
sweep,20.0,68.68933643780245,0.057241113698168714,0.06,50.0,0.7,0.98,0.8,sweep,25.0,5.0,40.0,0.85,0.85,0.85,0.9
sweep,35.0,19.97598049466704,0.009512371664127163,0.06,50.0,0.6,0.95,0.8,sweep,25.0,1.0,40.0,0.85,0.85,0.85,0.9
sweep,35.0,160.9523011731766,0.0766439529396079,0.06,50.0,0.65,0.95,0.85,sweep,25.0,7.0,40.0,0.85,0.85,0.85,0.9
sweep,50.0,238.45012506265712,0.0794833750208857,0.06,54.0,0.7,0.9,0.8,sweep,25.0,7.0,40.0,0.85,0.85,0.85,0.9
sweep,30.0,142.34012567515754,0.07907784759730975,0.06,72.0,0.65,0.9,0.9,sweep,25.0,5.0,40.0,0.85,0.85,0.85,0.9
sweep,40.0,283.8016085992339,0.11825067024968079,0.06,54.0,0.65,0.95,0.85,sweep,25.0,10.0,40.0,0.85,0.85,0.85,0.9
sweep,45.0,266.8877356409204,0.0988473094966372,0.06,45.0,0.65,0.9,0.9,sweep,25.0,10.0,40.0,0.85,0.85,0.85,0.9
sweep,40.0,51.474947632573596,0.021447894846905666,0.06,36.0,0.7,0.85,0.8,sweep,25.0,3.0,40.0,0.85,0.85,0.85,0.9
sweep,40.0,71.6972484882275,0.029873853536761457,0.06,54.0,0.65,0.85,0.8,sweep,25.0,3.0,40.0,0.85,0.85,0.85,0.9
sweep,40.0,169.5645333778895,0.07065188890745396,0.06,36.0,0.6,0.98,0.8,sweep,25.0,10.0,40.0,0.85,0.85,0.85,0.9
sweep,30.0,75.50920626984139,0.04194955903880077,0.06,27.0,0.7,0.95,0.8,sweep,25.0,7.0,40.0,0.85,0.85,0.85,0.9
sweep,35.0,313.6754621359953,0.1493692676838073,0.06,72.0,0.65,0.9,0.85,sweep,25.0,10.0,40.0,0.85,0.85,0.85,0.9
sweep,35.0,62.556359970141514,0.029788742842924532,0.06,50.0,0.7,0.85,0.8,sweep,25.0,3.0,40.0,0.85,0.85,0.85,0.9
sweep,35.0,61.31574644468326,0.02919797449746822,0.06,54.0,0.6,0.9,0.8,sweep,25.0,3.0,40.0,0.85,0.85,0.85,0.9
sweep,20.0,5.515172960632885,0.004595977467194071,0.06,27.0,0.6,0.85,0.8,sweep,25.0,1.0,40.0,0.85,0.85,0.85,0.9
sweep,25.0,143.62429584981473,0.09574953056654315,0.06,50.0,0.6,0.9,0.85,sweep,25.0,10.0,40.0,0.85,0.85,0.85,0.9
sweep,25.0,176.87066062986437,0.11791377375324291,0.06,50.0,0.7,0.95,0.85,sweep,25.0,10.0,40.0,0.85,0.85,0.85,0.9
sweep,30.0,25.33532578790732,0.014075180993281844,0.06,63.0,0.7,0.85,0.9,sweep,25.0,1.0,40.0,0.85,0.85,0.85,0.9
sweep,40.0,205.46722794514673,0.08561134497714447,0.06,45.0,0.6,0.95,0.8,sweep,25.0,10.0,40.0,0.85,0.85,0.85,0.9
sweep,40.0,62.04569580711997,0.025852373252966653,0.06,27.0,0.6,0.85,0.9,sweep,25.0,5.0,40.0,0.85,0.85,0.85,0.9
sweep,30.0,101.34130315162928,0.056300723973127374,0.06,27.0,0.6,0.98,0.85,sweep,25.0,10.0,40.0,0.85,0.85,0.85,0.9
sweep,50.0,340.78497040204735,0.11359499013401579,0.06,63.0,0.7,0.98,0.9,sweep,25.0,7.0,40.0,0.85,0.85,0.85,0.9
sweep,30.0,152.81625078420282,0.0848979171023349,0.06,72.0,0.7,0.95,0.85,sweep,25.0,5.0,40.0,0.85,0.85,0.85,0.9
sweep,40.0,80.13221889860722,0.03338842454108634,0.06,54.0,0.65,0.95,0.8,sweep,25.0,3.0,40.0,0.85,0.85,0.85,0.9
sweep,50.0,17.737600537452117,0.005912533512484039,0.06,27.0,0.65,0.95,0.85,sweep,25.0,1.0,40.0,0.85,0.85,0.85,0.9
sweep,30.0,76.85048822331885,0.04269471567962158,0.06,27.0,0.65,0.98,0.85,sweep,25.0,7.0,40.0,0.85,0.85,0.85,0.9
sweep,20.0,7.0950402149808465,0.005912533512484039,0.06,27.0,0.65,0.95,0.85,sweep,25.0,1.0,40.0,0.85,0.85,0.85,0.9
sweep,50.0,71.53503751879713,0.02384501250626571,0.06,36.0,0.6,0.98,0.9,sweep,25.0,3.0,40.0,0.85,0.85,0.85,0.9
sweep,25.0,208.64385942982494,0.13909590628654997,0.06,63.0,0.6,0.98,0.9,sweep,25.0,10.0,40.0,0.85,0.85,0.85,0.9
sweep,35.0,77.90632392920145,0.03709824949009593,0.06,36.0,0.65,0.95,0.8,sweep,25.0,5.0,40.0,0.85,0.85,0.85,0.9
sweep,25.0,23.84501250626571,0.01589667500417714,0.06,72.0,0.6,0.98,0.9,sweep,25.0,1.0,40.0,0.85,0.85,0.85,0.9
sweep,45.0,77.55711975889994,0.02872485916996294,0.06,50.0,0.6,0.9,0.85,sweep,25.0,3.0,40.0,0.85,0.85,0.85,0.9
sweep,35.0,204.47098224122848,0.09736713440058499,0.06,63.0,0.6,0.98,0.9,sweep,25.0,7.0,40.0,0.85,0.85,0.85,0.9
sweep,45.0,162.86995149368988,0.06032220425692218,0.06,27.0,0.7,0.9,0.85,sweep,25.0,10.0,40.0,0.85,0.85,0.85,0.9
sweep,50.0,43.66178593834368,0.014553928646114558,0.06,72.0,0.6,0.95,0.85,sweep,25.0,1.0,40.0,0.85,0.85,0.85,0.9
sweep,40.0,292.7637646602623,0.12198490194177597,0.06,54.0,0.65,0.98,0.85,sweep,25.0,10.0,40.0,0.85,0.85,0.85,0.9
sweep,45.0,331.0482569619889,0.12261046554147736,0.06,72.0,0.7,0.98,0.85,sweep,25.0,7.0,40.0,0.85,0.85,0.85,0.9
sweep,45.0,25.83209688178786,0.009567443289551059,0.06,45.0,0.65,0.98,0.8,sweep,25.0,1.0,40.0,0.85,0.85,0.85,0.9
sweep,40.0,49.63655664569596,0.02068189860237332,0.06,36.0,0.6,0.85,0.9,sweep,25.0,3.0,40.0,0.85,0.85,0.85,0.9
sweep,35.0,70.7898808779763,0.03370946708475062,0.06,45.0,0.7,0.95,0.9,sweep,25.0,3.0,40.0,0.85,0.85,0.85,0.9
sweep,50.0,309.15207908413277,0.10305069302804426,0.06,50.0,0.65,0.95,0.8,sweep,25.0,10.0,40.0,0.85,0.85,0.85,0.9
sweep,40.0,76.64468305585406,0.03193528460660586,0.06,27.0,0.7,0.9,0.9,sweep,25.0,5.0,40.0,0.85,0.85,0.85,0.9
sweep,50.0,225.20289589250947,0.07506763196416982,0.06,54.0,0.7,0.85,0.8,sweep,25.0,7.0,40.0,0.85,0.85,0.85,0.9
sweep,50.0,63.58670001670857,0.02119556667223619,0.06,36.0,0.6,0.98,0.8,sweep,25.0,3.0,40.0,0.85,0.85,0.85,0.9
sweep,30.0,82.76206424049722,0.04597892457805401,0.06,27.0,0.7,0.98,0.85,sweep,25.0,7.0,40.0,0.85,0.85,0.85,0.9
sweep,25.0,13.225403909503768,0.008816935939669179,0.06,45.0,0.65,0.85,0.85,sweep,25.0,1.0,40.0,0.85,0.85,0.85,0.9
sweep,50.0,124.47438973650607,0.04149146324550202,0.06,45.0,0.65,0.85,0.8,sweep,25.0,5.0,40.0,0.85,0.85,0.85,0.9
sweep,20.0,87.13207281555425,0.07261006067962854,0.06,50.0,0.65,0.9,0.85,sweep,25.0,7.0,40.0,0.85,0.85,0.85,0.9
sweep,25.0,126.67662893953658,0.08445108595969106,0.06,63.0,0.6,0.9,0.85,sweep,25.0,7.0,40.0,0.85,0.85,0.85,0.9
sweep,20.0,95.38005002506284,0.0794833750208857,0.06,36.0,0.6,0.98,0.9,sweep,25.0,10.0,40.0,0.85,0.85,0.85,0.9
sweep,30.0,131.39088523860696,0.07299493624367054,0.06,72.0,0.6,0.9,0.9,sweep,25.0,5.0,40.0,0.85,0.85,0.85,0.9
sweep,40.0,189.75429190942924,0.07906428829559552,0.06,50.0,0.65,0.98,0.85,sweep,25.0,7.0,40.0,0.85,0.85,0.85,0.9
sweep,30.0,126.96387753123618,0.07053548751735343,0.06,36.0,0.65,0.85,0.85,sweep,25.0,10.0,40.0,0.85,0.85,0.85,0.9
sweep,50.0,94.89341711677169,0.031631139038923894,0.06,54.0,0.65,0.9,0.8,sweep,25.0,3.0,40.0,0.85,0.85,0.85,0.9
sweep,40.0,26.634640659556048,0.011097766941481686,0.06,50.0,0.7,0.95,0.8,sweep,25.0,1.0,40.0,0.85,0.85,0.85,0.9
sweep,45.0,266.06400806178175,0.09854222520806732,0.06,45.0,0.65,0.95,0.85,sweep,25.0,10.0,40.0,0.85,0.85,0.85,0.9
sweep,25.0,70.78988087797632,0.047193253918650875,0.06,63.0,0.7,0.95,0.9,sweep,25.0,3.0,40.0,0.85,0.85,0.85,0.9
sweep,20.0,91.84745557969016,0.07653954631640847,0.06,72.0,0.65,0.98,0.8,sweep,25.0,5.0,40.0,0.85,0.85,0.85,0.9
sweep,35.0,82.33980881069876,0.03920943276699941,0.06,63.0,0.65,0.85,0.9,sweep,25.0,3.0,40.0,0.85,0.85,0.85,0.9
sweep,35.0,194.76580982300365,0.09274562372523984,0.06,45.0,0.65,0.95,0.8,sweep,25.0,10.0,40.0,0.85,0.85,0.85,0.9
sweep,50.0,55.63836251461999,0.018546120838206663,0.06,27.0,0.7,0.98,0.8,sweep,25.0,3.0,40.0,0.85,0.85,0.85,0.9
sweep,30.0,99.87990247333518,0.05548883470740843,0.06,50.0,0.7,0.95,0.8,sweep,25.0,5.0,40.0,0.85,0.85,0.85,0.9
sweep,35.0,239.2780768857913,0.11394194137418634,0.06,63.0,0.6,0.85,0.85,sweep,25.0,10.0,40.0,0.85,0.85,0.85,0.9
sweep,35.0,124.19277347013389,0.059139415938158996,0.06,50.0,0.7,0.9,0.9,sweep,25.0,5.0,40.0,0.85,0.85,0.85,0.9
sweep,45.0,142.4274267177329,0.052750898784345523,0.06,50.0,0.7,0.85,0.85,sweep,25.0,5.0,40.0,0.85,0.85,0.85,0.9
sweep,40.0,86.86397412996794,0.03619332255415331,0.06,27.0,0.6,0.9,0.85,sweep,25.0,7.0,40.0,0.85,0.85,0.85,0.9
sweep,30.0,93.06854371067995,0.051704746505933305,0.06,54.0,0.6,0.9,0.85,sweep,25.0,5.0,40.0,0.85,0.85,0.85,0.9
sweep,45.0,32.573990298737975,0.012064440851384436,0.06,54.0,0.7,0.85,0.9,sweep,25.0,1.0,40.0,0.85,0.85,0.85,0.9
sweep,40.0,72.38664510830662,0.03016110212846109,0.06,45.0,0.7,0.9,0.85,sweep,25.0,3.0,40.0,0.85,0.85,0.85,0.9
sweep,30.0,190.76010005012571,0.10597783336118095,0.06,54.0,0.6,0.98,0.8,sweep,25.0,10.0,40.0,0.85,0.85,0.85,0.9
sweep,40.0,179.24312122056875,0.07468463384190364,0.06,36.0,0.65,0.9,0.85,sweep,25.0,10.0,40.0,0.85,0.85,0.85,0.9
sweep,50.0,128.68736908143399,0.04289578969381133,0.06,72.0,0.7,0.85,0.8,sweep,25.0,3.0,40.0,0.85,0.85,0.85,0.9
sweep,35.0,25.832096881787848,0.01230099851513707,0.06,63.0,0.65,0.9,0.8,sweep,25.0,1.0,40.0,0.85,0.85,0.85,0.9
sweep,50.0,28.724859169962947,0.009574953056654316,0.06,50.0,0.6,0.9,0.85,sweep,25.0,1.0,40.0,0.85,0.85,0.85,0.9
sweep,45.0,297.31749968750046,0.11011759247685203,0.06,63.0,0.7,0.95,0.9,sweep,25.0,7.0,40.0,0.85,0.85,0.85,0.9
sweep,35.0,86.91424263351537,0.04138773458738827,0.06,63.0,0.65,0.95,0.85,sweep,25.0,3.0,40.0,0.85,0.85,0.85,0.9
sweep,20.0,86.86397412996794,0.07238664510830661,0.06,54.0,0.6,0.85,0.9,sweep,25.0,7.0,40.0,0.85,0.85,0.85,0.9
sweep,35.0,45.0405791785019,0.021447894846905666,0.06,36.0,0.7,0.85,0.8,sweep,25.0,3.0,40.0,0.85,0.85,0.85,0.9
sweep,35.0,17.828562591490325,0.008489791710233488,0.06,36.0,0.7,0.95,0.85,sweep,25.0,1.0,40.0,0.85,0.85,0.85,0.9
sweep,50.0,166.91508754385995,0.05563836251461998,0.06,72.0,0.7,0.98,0.9,sweep,25.0,3.0,40.0,0.85,0.85,0.85,0.9
sweep,50.0,109.78641174759838,0.03659547058253279,0.06,54.0,0.65,0.98,0.85,sweep,25.0,3.0,40.0,0.85,0.85,0.85,0.9
sweep,20.0,35.037569396961864,0.02919797449746822,0.06,54.0,0.6,0.9,0.8,sweep,25.0,3.0,40.0,0.85,0.85,0.85,0.9
sweep,30.0,76.30404002005028,0.04239113334447238,0.06,72.0,0.6,0.98,0.8,sweep,25.0,3.0,40.0,0.85,0.85,0.85,0.9
sweep,30.0,15.89667500417714,0.008831486113431744,0.06,45.0,0.6,0.98,0.8,sweep,25.0,1.0,40.0,0.85,0.85,0.85,0.9
sweep,40.0,13.443234091542655,0.005601347538142773,0.06,27.0,0.65,0.85,0.9,sweep,25.0,1.0,40.0,0.85,0.85,0.85,0.9
sweep,25.0,7.948337502088571,0.005298891668059047,0.06,27.0,0.6,0.98,0.8,sweep,25.0,1.0,40.0,0.85,0.85,0.85,0.9
sweep,40.0,124.65011828672235,0.05193754928613431,0.06,36.0,0.65,0.95,0.8,sweep,25.0,7.0,40.0,0.85,0.85,0.85,0.9
sweep,50.0,36.193322554153305,0.012064440851384436,0.06,63.0,0.6,0.9,0.85,sweep,25.0,1.0,40.0,0.85,0.85,0.85,0.9
sweep,45.0,91.97361966702489,0.03406430358037959,0.06,63.0,0.6,0.9,0.8,sweep,25.0,3.0,40.0,0.85,0.85,0.85,0.9
sweep,40.0,17.924312122056875,0.007468463384190364,0.06,36.0,0.65,0.9,0.85,sweep,25.0,1.0,40.0,0.85,0.85,0.85,0.9
sweep,30.0,165.52412848099445,0.09195784915610802,0.06,54.0,0.7,0.98,0.85,sweep,25.0,7.0,40.0,0.85,0.85,0.85,0.9
sweep,35.0,73.02535080043873,0.03477397657163749,0.06,45.0,0.7,0.98,0.9,sweep,25.0,3.0,40.0,0.85,0.85,0.85,0.9
sweep,50.0,177.37600537452118,0.059125335124840396,0.06,27.0,0.65,0.95,0.85,sweep,25.0,10.0,40.0,0.85,0.85,0.85,0.9
sweep,35.0,295.57880085891867,0.1407518099328184,0.06,63.0,0.7,0.9,0.85,sweep,25.0,10.0,40.0,0.85,0.85,0.85,0.9
sweep,30.0,21.957282349519673,0.012198490194177595,0.06,54.0,0.65,0.98,0.85,sweep,25.0,1.0,40.0,0.85,0.85,0.85,0.9
sweep,20.0,54.04869501420228,0.0450405791785019,0.06,72.0,0.6,0.98,0.85,sweep,25.0,3.0,40.0,0.85,0.85,0.85,0.9
sweep,30.0,21.52674740148988,0.011959304111938823,0.06,50.0,0.65,0.98,0.9,sweep,25.0,1.0,40.0,0.85,0.85,0.85,0.9
sweep,45.0,304.0239094548878,0.11260144794625475,0.06,72.0,0.7,0.85,0.9,sweep,25.0,7.0,40.0,0.85,0.85,0.85,0.9
sweep,25.0,72.23457232446565,0.048156381549643766,0.06,45.0,0.6,0.95,0.9,sweep,25.0,5.0,40.0,0.85,0.85,0.85,0.9
sweep,35.0,103.85827669395732,0.04945632223521777,0.06,36.0,0.6,0.98,0.8,sweep,25.0,7.0,40.0,0.85,0.85,0.85,0.9
sweep,40.0,40.75100020912075,0.016979583420466977,0.06,72.0,0.7,0.95,0.85,sweep,25.0,1.0,40.0,0.85,0.85,0.85,0.9
sweep,25.0,85.38943135924318,0.05692628757282878,0.06,36.0,0.65,0.98,0.85,sweep,25.0,7.0,40.0,0.85,0.85,0.85,0.9
sweep,50.0,318.36718913375586,0.10612239637791862,0.06,45.0,0.7,0.95,0.85,sweep,25.0,10.0,40.0,0.85,0.85,0.85,0.9
sweep,30.0,21.574058934240405,0.011985588296800225,0.06,63.0,0.6,0.95,0.8,sweep,25.0,1.0,40.0,0.85,0.85,0.85,0.9
sweep,35.0,196.04716383499706,0.09335579230237956,0.06,45.0,0.65,0.9,0.85,sweep,25.0,10.0,40.0,0.85,0.85,0.85,0.9
sweep,45.0,28.74175614594527,0.010645094868868618,0.06,45.0,0.7,0.9,0.9,sweep,25.0,1.0,40.0,0.85,0.85,0.85,0.9
sweep,20.0,171.58315877524532,0.14298596564603777,0.06,72.0,0.7,0.85,0.8,sweep,25.0,10.0,40.0,0.85,0.85,0.85,0.9
sweep,45.0,96.07958483073135,0.03558503141878939,0.06,54.0,0.65,0.9,0.9,sweep,25.0,3.0,40.0,0.85,0.85,0.85,0.9
sweep,30.0,124.09139161423991,0.06893966200791106,0.06,72.0,0.6,0.85,0.9,sweep,25.0,5.0,40.0,0.85,0.85,0.85,0.9
sweep,20.0,12.447438973650609,0.010372865811375507,0.06,50.0,0.65,0.9,0.85,sweep,25.0,1.0,40.0,0.85,0.85,0.85,0.9
sweep,45.0,143.07007503759428,0.05298891668059048,0.06,54.0,0.6,0.98,0.8,sweep,25.0,5.0,40.0,0.85,0.85,0.85,0.9
sweep,20.0,37.09824949009593,0.030915207908413275,0.06,50.0,0.65,0.95,0.8,sweep,25.0,3.0,40.0,0.85,0.85,0.85,0.9
sweep,30.0,82.03819778941416,0.045576776549674534,0.06,36.0,0.6,0.85,0.85,sweep,25.0,7.0,40.0,0.85,0.85,0.85,0.9
sweep,45.0,166.06347995435047,0.061504992575685355,0.06,45.0,0.65,0.9,0.8,sweep,25.0,7.0,40.0,0.85,0.85,0.85,0.9
sweep,35.0,15.281625078420287,0.007276964323057279,0.06,36.0,0.6,0.95,0.85,sweep,25.0,1.0,40.0,0.85,0.85,0.85,0.9
sweep,20.0,33.388424541086344,0.027823687117571952,0.06,45.0,0.65,0.95,0.8,sweep,25.0,3.0,40.0,0.85,0.85,0.85,0.9
sweep,50.0,41.72877188596499,0.013909590628654997,0.06,63.0,0.6,0.98,0.9,sweep,25.0,1.0,40.0,0.85,0.85,0.85,0.9
sweep,45.0,193.03105362215098,0.07149298282301889,0.06,72.0,0.7,0.85,0.8,sweep,25.0,5.0,40.0,0.85,0.85,0.85,0.9
sweep,25.0,63.67343782675117,0.04244895855116745,0.06,36.0,0.7,0.95,0.85,sweep,25.0,5.0,40.0,0.85,0.85,0.85,0.9
sweep,20.0,92.73060419103332,0.07727550349252776,0.06,50.0,0.6,0.98,0.9,sweep,25.0,7.0,40.0,0.85,0.85,0.85,0.9
sweep,50.0,224.05390152571093,0.07468463384190364,0.06,72.0,0.65,0.85,0.9,sweep,25.0,5.0,40.0,0.85,0.85,0.85,0.9
sweep,45.0,386.06210724430196,0.14298596564603777,0.06,72.0,0.7,0.85,0.8,sweep,25.0,10.0,40.0,0.85,0.85,0.85,0.9
sweep,40.0,225.0262661702409,0.09376094423760037,0.06,63.0,0.65,0.98,0.8,sweep,25.0,7.0,40.0,0.85,0.85,0.85,0.9
sweep,50.0,81.86584863439441,0.027288616211464802,0.06,27.0,0.6,0.95,0.85,sweep,25.0,5.0,40.0,0.85,0.85,0.85,0.9
sweep,30.0,60.67704075255112,0.03370946708475062,0.06,27.0,0.7,0.95,0.9,sweep,25.0,5.0,40.0,0.85,0.85,0.85,0.9
sweep,30.0,94.58521627485398,0.05254734237491888,0.06,36.0,0.6,0.98,0.85,sweep,25.0,7.0,40.0,0.85,0.85,0.85,0.9
sweep,30.0,73.2483908834055,0.040693550490780835,0.06,45.0,0.6,0.85,0.85,sweep,25.0,5.0,40.0,0.85,0.85,0.85,0.9
sweep,25.0,22.3546992246241,0.014903132816416066,0.06,63.0,0.7,0.9,0.9,sweep,25.0,1.0,40.0,0.85,0.85,0.85,0.9
sweep,30.0,63.58670001670856,0.03532594445372698,0.06,36.0,0.6,0.98,0.8,sweep,25.0,5.0,40.0,0.85,0.85,0.85,0.9
sweep,50.0,48.68356720029249,0.01622785573343083,0.06,63.0,0.7,0.98,0.9,sweep,25.0,1.0,40.0,0.85,0.85,0.85,0.9
sweep,20.0,72.98241996516509,0.06081868330430425,0.06,50.0,0.7,0.98,0.85,sweep,25.0,5.0,40.0,0.85,0.85,0.85,0.9
sweep,45.0,262.78177047721397,0.0973265816582274,0.06,54.0,0.6,0.9,0.8,sweep,25.0,10.0,40.0,0.85,0.85,0.85,0.9
sweep,20.0,12.366083163365312,0.010305069302804427,0.06,50.0,0.65,0.95,0.8,sweep,25.0,1.0,40.0,0.85,0.85,0.85,0.9
sweep,30.0,47.44670855838585,0.026359282532436582,0.06,27.0,0.65,0.9,0.8,sweep,25.0,5.0,40.0,0.85,0.85,0.85,0.9
sweep,35.0,121.98490194177595,0.05808804854370283,0.06,45.0,0.65,0.85,0.8,sweep,25.0,7.0,40.0,0.85,0.85,0.85,0.9
sweep,45.0,42.473928526785784,0.01573108463955029,0.06,63.0,0.7,0.95,0.9,sweep,25.0,1.0,40.0,0.85,0.85,0.85,0.9
sweep,40.0,36.164935634502996,0.015068723181042916,0.06,63.0,0.65,0.98,0.9,sweep,25.0,1.0,40.0,0.85,0.85,0.85,0.9
sweep,30.0,64.72217680272122,0.03595676489040068,0.06,63.0,0.6,0.95,0.8,sweep,25.0,3.0,40.0,0.85,0.85,0.85,0.9
sweep,40.0,274.7573457512098,0.11448222739633743,0.06,50.0,0.7,0.98,0.8,sweep,25.0,10.0,40.0,0.85,0.85,0.85,0.9
sweep,40.0,24.81827832284798,0.01034094930118666,0.06,54.0,0.6,0.85,0.9,sweep,25.0,1.0,40.0,0.85,0.85,0.85,0.9
sweep,20.0,9.246025257531603,0.007705021047943002,0.06,36.0,0.6,0.95,0.9,sweep,25.0,1.0,40.0,0.85,0.85,0.85,0.9
sweep,35.0,214.72930532986146,0.10225205015707689,0.06,63.0,0.65,0.95,0.9,sweep,25.0,7.0,40.0,0.85,0.85,0.85,0.9
sweep,20.0,29.19797449746822,0.02433164541455685,0.06,45.0,0.6,0.9,0.8,sweep,25.0,3.0,40.0,0.85,0.85,0.85,0.9
sweep,30.0,152.0119547274439,0.08445108595969106,0.06,63.0,0.6,0.85,0.9,sweep,25.0,7.0,40.0,0.85,0.85,0.85,0.9
sweep,35.0,225.0262661702409,0.10715536484297185,0.06,72.0,0.65,0.98,0.8,sweep,25.0,7.0,40.0,0.85,0.85,0.85,0.9
sweep,30.0,179.31780585441066,0.09962100325245037,0.06,63.0,0.65,0.98,0.85,sweep,25.0,7.0,40.0,0.85,0.85,0.85,0.9
sweep,30.0,28.61401500751885,0.01589667500417714,0.06,72.0,0.6,0.98,0.9,sweep,25.0,1.0,40.0,0.85,0.85,0.85,0.9
sweep,45.0,31.36754621359953,0.011617609708740567,0.06,63.0,0.65,0.85,0.8,sweep,25.0,1.0,40.0,0.85,0.85,0.85,0.9
sweep,35.0,102.23549112061423,0.04868356720029249,0.06,63.0,0.7,0.98,0.9,sweep,25.0,3.0,40.0,0.85,0.85,0.85,0.9
sweep,35.0,12.868736908143399,0.006127969956258761,0.06,36.0,0.6,0.85,0.8,sweep,25.0,1.0,40.0,0.85,0.85,0.85,0.9
sweep,20.0,52.98891668059047,0.04415743056715873,0.06,45.0,0.6,0.98,0.8,sweep,25.0,5.0,40.0,0.85,0.85,0.85,0.9
sweep,40.0,25.392775506247236,0.010580323127603016,0.06,54.0,0.65,0.85,0.85,sweep,25.0,1.0,40.0,0.85,0.85,0.85,0.9
sweep,30.0,127.74113842642345,0.0709672991257908,0.06,50.0,0.6,0.9,0.9,sweep,25.0,7.0,40.0,0.85,0.85,0.85,0.9
sweep,40.0,28.46802513503151,0.011861677139596462,0.06,54.0,0.65,0.9,0.9,sweep,25.0,1.0,40.0,0.85,0.85,0.85,0.9
sweep,45.0,33.383017508772,0.012364080558804443,0.06,63.0,0.6,0.98,0.8,sweep,25.0,1.0,40.0,0.85,0.85,0.85,0.9
sweep,20.0,6.934518943148703,0.005778765785957252,0.06,27.0,0.6,0.95,0.9,sweep,25.0,1.0,40.0,0.85,0.85,0.85,0.9
sweep,50.0,48.257763405537744,0.01608592113517925,0.06,72.0,0.7,0.85,0.9,sweep,25.0,1.0,40.0,0.85,0.85,0.85,0.9
sweep,45.0,122.7987729515916,0.045481027019108,0.06,45.0,0.6,0.95,0.85,sweep,25.0,5.0,40.0,0.85,0.85,0.85,0.9
sweep,40.0,103.85827669395732,0.04327428195581555,0.06,27.0,0.7,0.98,0.8,sweep,25.0,7.0,40.0,0.85,0.85,0.85,0.9
sweep,40.0,178.042760046784,0.07418448335282667,0.06,54.0,0.6,0.98,0.8,sweep,25.0,7.0,40.0,0.85,0.85,0.85,0.9
sweep,40.0,111.52905320390944,0.04647043883496227,0.06,36.0,0.65,0.85,0.8,sweep,25.0,7.0,40.0,0.85,0.85,0.85,0.9
sweep,30.0,251.69735423280463,0.13983186346266924,0.06,63.0,0.7,0.95,0.8,sweep,25.0,10.0,40.0,0.85,0.85,0.85,0.9
sweep,50.0,93.35579230237956,0.031118597434126517,0.06,50.0,0.65,0.9,0.85,sweep,25.0,3.0,40.0,0.85,0.85,0.85,0.9
sweep,20.0,125.47018485439813,0.1045584873786651,0.06,72.0,0.65,0.85,0.9,sweep,25.0,7.0,40.0,0.85,0.85,0.85,0.9
sweep,50.0,189.90323562364387,0.06330107854121463,0.06,50.0,0.6,0.85,0.85,sweep,25.0,7.0,40.0,0.85,0.85,0.85,0.9
sweep,30.0,30.657873222341625,0.01703215179018979,0.06,72.0,0.7,0.9,0.9,sweep,25.0,1.0,40.0,0.85,0.85,0.85,0.9
sweep,40.0,45.07437313046655,0.018780988804361062,0.06,27.0,0.65,0.95,0.9,sweep,25.0,3.0,40.0,0.85,0.85,0.85,0.9
sweep,40.0,54.50288572860734,0.022709535720253058,0.06,36.0,0.7,0.9,0.8,sweep,25.0,3.0,40.0,0.85,0.85,0.85,0.9
sweep,20.0,147.13255864977285,0.12261046554147736,0.06,72.0,0.7,0.98,0.85,sweep,25.0,7.0,40.0,0.85,0.85,0.85,0.9
sweep,30.0,59.12589835737314,0.032847721309651745,0.06,54.0,0.6,0.9,0.9,sweep,25.0,3.0,40.0,0.85,0.85,0.85,0.9
sweep,45.0,19.708632785791046,0.0072994936243670535,0.06,36.0,0.6,0.9,0.9,sweep,25.0,1.0,40.0,0.85,0.85,0.85,0.9
sweep,30.0,102.19291074113877,0.05677383930063265,0.06,27.0,0.7,0.9,0.8,sweep,25.0,10.0,40.0,0.85,0.85,0.85,0.9
sweep,40.0,33.55964723104062,0.013983186346266925,0.06,63.0,0.7,0.95,0.8,sweep,25.0,1.0,40.0,0.85,0.85,0.85,0.9
sweep,50.0,114.9670245837811,0.03832234152792703,0.06,27.0,0.6,0.9,0.9,sweep,25.0,7.0,40.0,0.85,0.85,0.85,0.9
sweep,25.0,71.34278748095372,0.047561858320635815,0.06,50.0,0.6,0.95,0.8,sweep,25.0,5.0,40.0,0.85,0.85,0.85,0.9
sweep,40.0,102.4673176310918,0.04269471567962158,0.06,63.0,0.65,0.98,0.85,sweep,25.0,3.0,40.0,0.85,0.85,0.85,0.9
sweep,30.0,126.6766289395366,0.07037590496640922,0.06,45.0,0.7,0.85,0.9,sweep,25.0,7.0,40.0,0.85,0.85,0.85,0.9
sweep,50.0,85.45645603063976,0.028485485343546585,0.06,45.0,0.7,0.85,0.85,sweep,25.0,3.0,40.0,0.85,0.85,0.85,0.9
sweep,35.0,22.078715283579363,0.010513673944561602,0.06,50.0,0.7,0.9,0.8,sweep,25.0,1.0,40.0,0.85,0.85,0.85,0.9
sweep,50.0,287.24859169962946,0.09574953056654315,0.06,50.0,0.6,0.85,0.9,sweep,25.0,10.0,40.0,0.85,0.85,0.85,0.9
sweep,35.0,213.47357839810795,0.10165408495147997,0.06,45.0,0.65,0.98,0.85,sweep,25.0,10.0,40.0,0.85,0.85,0.85,0.9
sweep,35.0,117.98313479662718,0.05618244514125104,0.06,45.0,0.7,0.95,0.9,sweep,25.0,5.0,40.0,0.85,0.85,0.85,0.9
sweep,45.0,21.898480873101164,0.00811054847151895,0.06,45.0,0.6,0.9,0.8,sweep,25.0,1.0,40.0,0.85,0.85,0.85,0.9
sweep,25.0,108.91509101944281,0.07261006067962854,0.06,50.0,0.65,0.85,0.9,sweep,25.0,7.0,40.0,0.85,0.85,0.85,0.9
sweep,35.0,111.09339283983167,0.05290161563801508,0.06,27.0,0.65,0.85,0.85,sweep,25.0,10.0,40.0,0.85,0.85,0.85,0.9
sweep,30.0,84.45108595969106,0.046917269977606146,0.06,45.0,0.6,0.98,0.85,sweep,25.0,5.0,40.0,0.85,0.85,0.85,0.9
sweep,30.0,134.12819534774462,0.07451566408208034,0.06,63.0,0.7,0.9,0.9,sweep,25.0,5.0,40.0,0.85,0.85,0.85,0.9
sweep,25.0,89.8919122260017,0.05992794148400113,0.06,63.0,0.6,0.95,0.8,sweep,25.0,5.0,40.0,0.85,0.85,0.85,0.9
sweep,45.0,179.24312122056872,0.06638634119280323,0.06,36.0,0.65,0.85,0.8,sweep,25.0,10.0,40.0,0.85,0.85,0.85,0.9
sweep,25.0,176.87066062986437,0.11791377375324291,0.06,50.0,0.7,0.95,0.85,sweep,25.0,10.0,40.0,0.85,0.85,0.85,0.9
sweep,35.0,90.08115835700379,0.042895789693811325,0.06,36.0,0.6,0.85,0.8,sweep,25.0,7.0,40.0,0.85,0.85,0.85,0.9
sweep,40.0,136.73032964902362,0.05697097068709317,0.06,45.0,0.6,0.85,0.85,sweep,25.0,7.0,40.0,0.85,0.85,0.85,0.9
sweep,35.0,193.031053622151,0.09191954934388143,0.06,54.0,0.6,0.85,0.8,sweep,25.0,10.0,40.0,0.85,0.85,0.85,0.9
sweep,25.0,202.25680250850374,0.1348378683390025,0.06,54.0,0.7,0.95,0.9,sweep,25.0,10.0,40.0,0.85,0.85,0.85,0.9
sweep,30.0,39.295607344509314,0.02183089296917184,0.06,36.0,0.6,0.95,0.85,sweep,25.0,3.0,40.0,0.85,0.85,0.85,0.9
sweep,20.0,100.14905252631598,0.08345754377192999,0.06,54.0,0.6,0.98,0.9,sweep,25.0,7.0,40.0,0.85,0.85,0.85,0.9
sweep,50.0,165.5903646268452,0.055196788208948404,0.06,50.0,0.6,0.98,0.9,sweep,25.0,5.0,40.0,0.85,0.85,0.85,0.9
sweep,40.0,255.48227685284687,0.1064509486886862,0.06,45.0,0.7,0.9,0.9,sweep,25.0,10.0,40.0,0.85,0.85,0.85,0.9
sweep,35.0,191.0203134802536,0.090962054038216,0.06,45.0,0.6,0.95,0.85,sweep,25.0,10.0,40.0,0.85,0.85,0.85,0.9
sweep,45.0,48.86098544810697,0.018096661277076657,0.06,27.0,0.7,0.85,0.9,sweep,25.0,3.0,40.0,0.85,0.85,0.85,0.9
sweep,40.0,217.03226928416447,0.09043011220173519,0.06,50.0,0.6,0.85,0.85,sweep,25.0,10.0,40.0,0.85,0.85,0.85,0.9
sweep,30.0,131.39088523860696,0.07299493624367054,0.06,72.0,0.6,0.9,0.9,sweep,25.0,5.0,40.0,0.85,0.85,0.85,0.9
sweep,45.0,199.968107111697,0.07406226189322111,0.06,54.0,0.65,0.85,0.85,sweep,25.0,7.0,40.0,0.85,0.85,0.85,0.9
sweep,30.0,154.42484289772077,0.08579157938762265,0.06,72.0,0.6,0.85,0.8,sweep,25.0,7.0,40.0,0.85,0.85,0.85,0.9
sweep,45.0,141.1539579611979,0.05227924368933255,0.06,36.0,0.65,0.85,0.9,sweep,25.0,7.0,40.0,0.85,0.85,0.85,0.9
sweep,30.0,105.17353730442196,0.058429742946901085,0.06,36.0,0.65,0.95,0.9,sweep,25.0,7.0,40.0,0.85,0.85,0.85,0.9
sweep,25.0,76.03639192049015,0.05069092794699343,0.06,50.0,0.6,0.9,0.9,sweep,25.0,5.0,40.0,0.85,0.85,0.85,0.9
sweep,50.0,136.443081057324,0.045481027019108,0.06,45.0,0.6,0.95,0.85,sweep,25.0,5.0,40.0,0.85,0.85,0.85,0.9
sweep,20.0,118.2506702496808,0.09854222520806732,0.06,45.0,0.65,0.95,0.85,sweep,25.0,10.0,40.0,0.85,0.85,0.85,0.9
sweep,35.0,147.78940042945936,0.07037590496640922,0.06,45.0,0.7,0.85,0.9,sweep,25.0,7.0,40.0,0.85,0.85,0.85,0.9
sweep,50.0,96.51552681107549,0.0321718422703585,0.06,27.0,0.6,0.85,0.8,sweep,25.0,7.0,40.0,0.85,0.85,0.85,0.9
sweep,20.0,38.32234152792703,0.03193528460660586,0.06,27.0,0.7,0.9,0.9,sweep,25.0,5.0,40.0,0.85,0.85,0.85,0.9
sweep,30.0,204.38582148227755,0.1135476786012653,0.06,54.0,0.7,0.9,0.8,sweep,25.0,10.0,40.0,0.85,0.85,0.85,0.9
sweep,50.0,126.9638775312362,0.04232129251041206,0.06,72.0,0.65,0.85,0.85,sweep,25.0,3.0,40.0,0.85,0.85,0.85,0.9
sweep,30.0,54.89320587379919,0.030496225485443992,0.06,45.0,0.65,0.98,0.85,sweep,25.0,3.0,40.0,0.85,0.85,0.85,0.9
sweep,40.0,79.4833750208857,0.033118072925369044,0.06,50.0,0.6,0.98,0.9,sweep,25.0,3.0,40.0,0.85,0.85,0.85,0.9
sweep,45.0,81.43497574684494,0.03016110212846109,0.06,27.0,0.7,0.9,0.85,sweep,25.0,5.0,40.0,0.85,0.85,0.85,0.9
sweep,20.0,84.78226668894474,0.07065188890745396,0.06,72.0,0.6,0.98,0.8,sweep,25.0,5.0,40.0,0.85,0.85,0.85,0.9
sweep,40.0,127.17340003341714,0.05298891668059048,0.06,27.0,0.6,0.98,0.8,sweep,25.0,10.0,40.0,0.85,0.85,0.85,0.9
sweep,35.0,13.41281953477446,0.006387056921321172,0.06,27.0,0.7,0.9,0.9,sweep,25.0,1.0,40.0,0.85,0.85,0.85,0.9
sweep,50.0,50.412127843284956,0.01680404261442832,0.06,27.0,0.65,0.9,0.85,sweep,25.0,3.0,40.0,0.85,0.85,0.85,0.9
sweep,50.0,243.41783600146243,0.08113927866715415,0.06,63.0,0.7,0.98,0.9,sweep,25.0,5.0,40.0,0.85,0.85,0.85,0.9
sweep,45.0,281.50361986563684,0.10426059995023587,0.06,50.0,0.6,0.98,0.85,sweep,25.0,10.0,40.0,0.85,0.85,0.85,0.9
sweep,40.0,144.77329021661325,0.06032220425692218,0.06,54.0,0.7,0.9,0.85,sweep,25.0,5.0,40.0,0.85,0.85,0.85,0.9
sweep,20.0,58.55275293205246,0.04879396077671038,0.06,72.0,0.65,0.98,0.85,sweep,25.0,3.0,40.0,0.85,0.85,0.85,0.9
sweep,35.0,47.051319320399294,0.022405390152571092,0.06,36.0,0.65,0.85,0.9,sweep,25.0,3.0,40.0,0.85,0.85,0.85,0.9
sweep,50.0,112.36489028250206,0.03745496342750069,0.06,50.0,0.7,0.95,0.9,sweep,25.0,3.0,40.0,0.85,0.85,0.85,0.9
sweep,45.0,176.44244745149737,0.0653490546116657,0.06,63.0,0.65,0.85,0.9,sweep,25.0,5.0,40.0,0.85,0.85,0.85,0.9
sweep,40.0,31.25264677691968,0.013021936157049866,0.06,72.0,0.6,0.85,0.85,sweep,25.0,1.0,40.0,0.85,0.85,0.85,0.9
sweep,40.0,289.5465804332265,0.12064440851384438,0.06,54.0,0.7,0.85,0.9,sweep,25.0,10.0,40.0,0.85,0.85,0.85,0.9
sweep,20.0,7.640812539210141,0.0063673437826751176,0.06,27.0,0.7,0.95,0.85,sweep,25.0,1.0,40.0,0.85,0.85,0.85,0.9
sweep,25.0,85.38943135924318,0.05692628757282878,0.06,36.0,0.65,0.98,0.85,sweep,25.0,7.0,40.0,0.85,0.85,0.85,0.9
sweep,45.0,144.65974253801198,0.053577682421485924,0.06,36.0,0.65,0.98,0.8,sweep,25.0,7.0,40.0,0.85,0.85,0.85,0.9
sweep,50.0,283.1595235119054,0.09438650783730179,0.06,63.0,0.6,0.95,0.9,sweep,25.0,7.0,40.0,0.85,0.85,0.85,0.9
sweep,25.0,50.82704247573998,0.03388469498382665,0.06,50.0,0.65,0.98,0.85,sweep,25.0,3.0,40.0,0.85,0.85,0.85,0.9
sweep,50.0,25.683403493143338,0.008561134497714446,0.06,45.0,0.6,0.95,0.8,sweep,25.0,1.0,40.0,0.85,0.85,0.85,0.9
sweep,50.0,46.534271855339966,0.01551142395177999,0.06,27.0,0.6,0.9,0.85,sweep,25.0,3.0,40.0,0.85,0.85,0.85,0.9
sweep,45.0,41.38103212024861,0.01532630819268467,0.06,63.0,0.7,0.98,0.85,sweep,25.0,1.0,40.0,0.85,0.85,0.85,0.9
sweep,20.0,148.36896670565332,0.12364080558804444,0.06,63.0,0.6,0.98,0.8,sweep,25.0,10.0,40.0,0.85,0.85,0.85,0.9
sweep,35.0,20.225680250850385,0.009631276309928754,0.06,45.0,0.6,0.95,0.9,sweep,25.0,1.0,40.0,0.85,0.85,0.85,0.9
sweep,20.0,37.561977608722124,0.03130164800726844,0.06,45.0,0.65,0.95,0.9,sweep,25.0,3.0,40.0,0.85,0.85,0.85,0.9
sweep,40.0,25.832096881787855,0.01076337370074494,0.06,45.0,0.65,0.98,0.9,sweep,25.0,1.0,40.0,0.85,0.85,0.85,0.9
sweep,40.0,40.877164296455504,0.017032151790189794,0.06,27.0,0.7,0.9,0.8,sweep,25.0,3.0,40.0,0.85,0.85,0.85,0.9
sweep,20.0,66.23614585073808,0.055196788208948404,0.06,50.0,0.6,0.98,0.9,sweep,25.0,5.0,40.0,0.85,0.85,0.85,0.9
sweep,25.0,205.4672279451467,0.13697815196343113,0.06,72.0,0.6,0.95,0.8,sweep,25.0,10.0,40.0,0.85,0.85,0.85,0.9
sweep,40.0,101.34130315162928,0.04222554297984553,0.06,27.0,0.7,0.85,0.9,sweep,25.0,7.0,40.0,0.85,0.85,0.85,0.9
sweep,20.0,16.691508754385996,0.013909590628654997,0.06,63.0,0.6,0.98,0.9,sweep,25.0,1.0,40.0,0.85,0.85,0.85,0.9
sweep,30.0,165.9658529820081,0.09220325165667116,0.06,50.0,0.65,0.85,0.8,sweep,25.0,10.0,40.0,0.85,0.85,0.85,0.9
sweep,45.0,291.2497956122455,0.10787029467120204,0.06,72.0,0.6,0.95,0.9,sweep,25.0,7.0,40.0,0.85,0.85,0.85,0.9
sweep,25.0,104.32192971491247,0.06954795314327498,0.06,63.0,0.6,0.98,0.9,sweep,25.0,5.0,40.0,0.85,0.85,0.85,0.9
sweep,20.0,37.227417484271975,0.03102284790355998,0.06,54.0,0.6,0.85,0.9,sweep,25.0,3.0,40.0,0.85,0.85,0.85,0.9
sweep,25.0,8.868800268726059,0.005912533512484039,0.06,27.0,0.65,0.95,0.85,sweep,25.0,1.0,40.0,0.85,0.85,0.85,0.9
sweep,45.0,97.08326520408184,0.03595676489040068,0.06,27.0,0.6,0.95,0.8,sweep,25.0,7.0,40.0,0.85,0.85,0.85,0.9
sweep,40.0,21.018936949967543,0.00875789039581981,0.06,36.0,0.7,0.98,0.85,sweep,25.0,1.0,40.0,0.85,0.85,0.85,0.9
sweep,30.0,131.3683559372972,0.07298241996516511,0.06,50.0,0.6,0.98,0.85,sweep,25.0,7.0,40.0,0.85,0.85,0.85,0.9
sweep,45.0,112.66768409210549,0.041728771885964994,0.06,27.0,0.6,0.98,0.9,sweep,25.0,7.0,40.0,0.85,0.85,0.85,0.9
sweep,30.0,18.613708742135987,0.01034094930118666,0.06,54.0,0.6,0.9,0.85,sweep,25.0,1.0,40.0,0.85,0.85,0.85,0.9
sweep,25.0,119.63903844289564,0.07975935896193043,0.06,54.0,0.7,0.85,0.85,sweep,25.0,7.0,40.0,0.85,0.85,0.85,0.9
sweep,45.0,329.35923524279514,0.12198490194177597,0.06,54.0,0.65,0.98,0.85,sweep,25.0,10.0,40.0,0.85,0.85,0.85,0.9
sweep,45.0,112.09284896918658,0.04151586998858762,0.06,27.0,0.65,0.9,0.9,sweep,25.0,7.0,40.0,0.85,0.85,0.85,0.9
sweep,20.0,11.48093194746127,0.009567443289551059,0.06,45.0,0.65,0.98,0.8,sweep,25.0,1.0,40.0,0.85,0.85,0.85,0.9
sweep,30.0,76.85048822331885,0.04269471567962158,0.06,27.0,0.65,0.98,0.85,sweep,25.0,7.0,40.0,0.85,0.85,0.85,0.9
sweep,45.0,131.44563144078973,0.04868356720029249,0.06,27.0,0.7,0.98,0.9,sweep,25.0,7.0,40.0,0.85,0.85,0.85,0.9
sweep,20.0,37.84922620042177,0.031541021833684804,0.06,50.0,0.7,0.9,0.8,sweep,25.0,3.0,40.0,0.85,0.85,0.85,0.9
sweep,25.0,13.225403909503768,0.008816935939669179,0.06,45.0,0.65,0.85,0.85,sweep,25.0,1.0,40.0,0.85,0.85,0.85,0.9
sweep,50.0,32.74633945375776,0.01091544648458592,0.06,54.0,0.6,0.95,0.85,sweep,25.0,1.0,40.0,0.85,0.85,0.85,0.9
sweep,50.0,35.87791233581647,0.011959304111938823,0.06,50.0,0.65,0.98,0.9,sweep,25.0,1.0,40.0,0.85,0.85,0.85,0.9
sweep,40.0,309.102013970111,0.1287925058208796,0.06,50.0,0.7,0.98,0.9,sweep,25.0,10.0,40.0,0.85,0.85,0.85,0.9
sweep,30.0,46.23012628765802,0.025683403493143343,0.06,27.0,0.6,0.95,0.8,sweep,25.0,5.0,40.0,0.85,0.85,0.85,0.9
sweep,40.0,150.13526392833967,0.06255635997014153,0.06,63.0,0.7,0.85,0.8,sweep,25.0,5.0,40.0,0.85,0.85,0.85,0.9
sweep,40.0,55.47615154518962,0.02311506314382901,0.06,36.0,0.6,0.95,0.9,sweep,25.0,3.0,40.0,0.85,0.85,0.85,0.9
sweep,35.0,112.51313308512044,0.053577682421485924,0.06,36.0,0.65,0.98,0.8,sweep,25.0,7.0,40.0,0.85,0.85,0.85,0.9
sweep,50.0,262.93384326105485,0.08764461442035162,0.06,54.0,0.65,0.95,0.9,sweep,25.0,7.0,40.0,0.85,0.85,0.85,0.9
sweep,35.0,26.742843887235505,0.01273468756535024,0.06,63.0,0.6,0.95,0.85,sweep,25.0,1.0,40.0,0.85,0.85,0.85,0.9
sweep,35.0,81.75432859291101,0.03893063266329096,0.06,72.0,0.6,0.9,0.8,sweep,25.0,3.0,40.0,0.85,0.85,0.85,0.9
sweep,25.0,149.81985371000277,0.09987990247333518,0.06,45.0,0.7,0.95,0.8,sweep,25.0,10.0,40.0,0.85,0.85,0.85,0.9
sweep,40.0,186.4424846168923,0.0776843685903718,0.06,50.0,0.7,0.95,0.8,sweep,25.0,7.0,40.0,0.85,0.85,0.85,0.9
sweep,20.0,136.62309017478907,0.11385257514565757,0.06,72.0,0.65,0.98,0.85,sweep,25.0,7.0,40.0,0.85,0.85,0.85,0.9
sweep,35.0,11.762829830099824,0.005601347538142773,0.06,27.0,0.65,0.9,0.85,sweep,25.0,1.0,40.0,0.85,0.85,0.85,0.9
sweep,20.0,87.32357187668735,0.07276964323057279,0.06,36.0,0.6,0.95,0.85,sweep,25.0,10.0,40.0,0.85,0.85,0.85,0.9
sweep,20.0,44.51789938811511,0.03709824949009593,0.06,36.0,0.65,0.95,0.8,sweep,25.0,5.0,40.0,0.85,0.85,0.85,0.9
sweep,25.0,168.0404261442832,0.11202695076285547,0.06,54.0,0.65,0.9,0.85,sweep,25.0,10.0,40.0,0.85,0.85,0.85,0.9
sweep,45.0,105.8654684708984,0.03920943276699941,0.06,63.0,0.65,0.9,0.85,sweep,25.0,3.0,40.0,0.85,0.85,0.85,0.9
sweep,40.0,168.6994082075941,0.07029142008649754,0.06,72.0,0.65,0.9,0.8,sweep,25.0,5.0,40.0,0.85,0.85,0.85,0.9
sweep,35.0,108.57996766245994,0.051704746505933305,0.06,54.0,0.6,0.85,0.9,sweep,25.0,5.0,40.0,0.85,0.85,0.85,0.9
sweep,40.0,105.09468474983774,0.04378945197909906,0.06,36.0,0.7,0.98,0.85,sweep,25.0,5.0,40.0,0.85,0.85,0.85,0.9
sweep,20.0,67.0246713965802,0.0558538928304835,0.06,50.0,0.7,0.9,0.85,sweep,25.0,5.0,40.0,0.85,0.85,0.85,0.9
sweep,20.0,54.25806732104112,0.045215056100867596,0.06,50.0,0.6,0.85,0.85,sweep,25.0,5.0,40.0,0.85,0.85,0.85,0.9
sweep,30.0,85.40407540509453,0.04744670855838585,0.06,72.0,0.65,0.9,0.9,sweep,25.0,3.0,40.0,0.85,0.85,0.85,0.9
sweep,40.0,224.05390152571096,0.09335579230237956,0.06,45.0,0.65,0.85,0.9,sweep,25.0,10.0,40.0,0.85,0.85,0.85,0.9
sweep,30.0,60.099164173955415,0.03338842454108634,0.06,54.0,0.65,0.95,0.8,sweep,25.0,3.0,40.0,0.85,0.85,0.85,0.9
sweep,25.0,139.09590628655,0.09273060419103332,0.06,63.0,0.7,0.9,0.8,sweep,25.0,7.0,40.0,0.85,0.85,0.85,0.9
sweep,30.0,31.528405424951316,0.01751578079163962,0.06,72.0,0.7,0.98,0.85,sweep,25.0,1.0,40.0,0.85,0.85,0.85,0.9
sweep,45.0,184.58594502618186,0.0683651648245118,0.06,54.0,0.6,0.85,0.85,sweep,25.0,7.0,40.0,0.85,0.85,0.85,0.9
sweep,35.0,184.05369028273842,0.08764461442035162,0.06,54.0,0.65,0.95,0.9,sweep,25.0,7.0,40.0,0.85,0.85,0.85,0.9
sweep,40.0,140.2313830725626,0.058429742946901085,0.06,36.0,0.65,0.95,0.9,sweep,25.0,7.0,40.0,0.85,0.85,0.85,0.9
sweep,45.0,139.60281556601993,0.051704746505933305,0.06,54.0,0.6,0.85,0.9,sweep,25.0,5.0,40.0,0.85,0.85,0.85,0.9
sweep,35.0,241.09957089668669,0.1148093194746127,0.06,54.0,0.65,0.98,0.8,sweep,25.0,10.0,40.0,0.85,0.85,0.85,0.9
sweep,45.0,200.33054724651802,0.07419649898019186,0.06,72.0,0.65,0.95,0.8,sweep,25.0,5.0,40.0,0.85,0.85,0.85,0.9
sweep,20.0,14.836896670565329,0.012364080558804441,0.06,54.0,0.7,0.98,0.8,sweep,25.0,1.0,40.0,0.85,0.85,0.85,0.9
sweep,45.0,130.02223018403816,0.048156381549643766,0.06,45.0,0.6,0.95,0.9,sweep,25.0,5.0,40.0,0.85,0.85,0.85,0.9
sweep,25.0,17.42641456311085,0.011617609708740567,0.06,63.0,0.65,0.85,0.8,sweep,25.0,1.0,40.0,0.85,0.85,0.85,0.9
sweep,35.0,120.54978544834334,0.05740465973730635,0.06,54.0,0.65,0.98,0.8,sweep,25.0,5.0,40.0,0.85,0.85,0.85,0.9
sweep,25.0,25.206063921642478,0.01680404261442832,0.06,27.0,0.65,0.85,0.9,sweep,25.0,3.0,40.0,0.85,0.85,0.85,0.9
sweep,25.0,57.44971833992588,0.038299812226617255,0.06,45.0,0.6,0.85,0.8,sweep,25.0,5.0,40.0,0.85,0.85,0.85,0.9
sweep,25.0,7.907784759730974,0.005271856506487316,0.06,27.0,0.65,0.9,0.8,sweep,25.0,1.0,40.0,0.85,0.85,0.85,0.9
sweep,20.0,100.14905252631598,0.08345754377192999,0.06,54.0,0.6,0.98,0.9,sweep,25.0,7.0,40.0,0.85,0.85,0.85,0.9
sweep,30.0,112.68593282616638,0.06260329601453687,0.06,54.0,0.65,0.95,0.9,sweep,25.0,5.0,40.0,0.85,0.85,0.85,0.9
sweep,40.0,65.10968078524934,0.027129033660520555,0.06,50.0,0.6,0.85,0.85,sweep,25.0,3.0,40.0,0.85,0.85,0.85,0.9
sweep,35.0,95.38005002506284,0.045419071440506116,0.06,72.0,0.7,0.9,0.8,sweep,25.0,3.0,40.0,0.85,0.85,0.85,0.9
sweep,40.0,72.38664510830662,0.03016110212846109,0.06,27.0,0.7,0.9,0.85,sweep,25.0,5.0,40.0,0.85,0.85,0.85,0.9
sweep,20.0,87.64461442035163,0.07303717868362636,0.06,45.0,0.65,0.95,0.9,sweep,25.0,7.0,40.0,0.85,0.85,0.85,0.9
sweep,40.0,83.45754377192998,0.03477397657163749,0.06,27.0,0.7,0.98,0.9,sweep,25.0,5.0,40.0,0.85,0.85,0.85,0.9
sweep,50.0,222.18678567966333,0.07406226189322111,0.06,54.0,0.65,0.85,0.85,sweep,25.0,7.0,40.0,0.85,0.85,0.85,0.9
sweep,35.0,54.28998383122997,0.025852373252966653,0.06,45.0,0.6,0.85,0.9,sweep,25.0,3.0,40.0,0.85,0.85,0.85,0.9
sweep,40.0,242.56547743524268,0.10106894893135111,0.06,50.0,0.6,0.95,0.85,sweep,25.0,10.0,40.0,0.85,0.85,0.85,0.9
sweep,40.0,25.737473816286794,0.010723947423452831,0.06,63.0,0.6,0.85,0.8,sweep,25.0,1.0,40.0,0.85,0.85,0.85,0.9
sweep,35.0,268.25639069548924,0.12774113842642346,0.06,63.0,0.6,0.9,0.9,sweep,25.0,10.0,40.0,0.85,0.85,0.85,0.9
sweep,50.0,417.2877188596499,0.13909590628654997,0.06,63.0,0.6,0.98,0.9,sweep,25.0,10.0,40.0,0.85,0.85,0.85,0.9
sweep,30.0,184.05369028273842,0.10225205015707689,0.06,63.0,0.65,0.95,0.9,sweep,25.0,7.0,40.0,0.85,0.85,0.85,0.9
sweep,35.0,28.954658043322645,0.013787932401582211,0.06,72.0,0.6,0.85,0.9,sweep,25.0,1.0,40.0,0.85,0.85,0.85,0.9
sweep,25.0,119.22506253132856,0.0794833750208857,0.06,36.0,0.6,0.98,0.9,sweep,25.0,10.0,40.0,0.85,0.85,0.85,0.9
sweep,30.0,27.12370172587725,0.015068723181042916,0.06,63.0,0.65,0.98,0.9,sweep,25.0,1.0,40.0,0.85,0.85,0.85,0.9
sweep,50.0,321.85247204637807,0.1072841573487927,0.06,63.0,0.7,0.98,0.85,sweep,25.0,7.0,40.0,0.85,0.85,0.85,0.9
sweep,40.0,333.8301750877199,0.13909590628654997,0.06,63.0,0.6,0.98,0.9,sweep,25.0,10.0,40.0,0.85,0.85,0.85,0.9
sweep,50.0,154.99258129072712,0.05166419376357571,0.06,72.0,0.65,0.98,0.9,sweep,25.0,3.0,40.0,0.85,0.85,0.85,0.9
sweep,25.0,21.83089296917184,0.014553928646114558,0.06,72.0,0.6,0.95,0.85,sweep,25.0,1.0,40.0,0.85,0.85,0.85,0.9
sweep,45.0,16.286995149368988,0.006032220425692218,0.06,27.0,0.7,0.85,0.9,sweep,25.0,1.0,40.0,0.85,0.85,0.85,0.9
sweep,40.0,24.65606735341761,0.010273361397257336,0.06,54.0,0.6,0.95,0.8,sweep,25.0,1.0,40.0,0.85,0.85,0.85,0.9
sweep,30.0,18.192410807643203,0.010106894893135113,0.06,50.0,0.6,0.95,0.85,sweep,25.0,1.0,40.0,0.85,0.85,0.85,0.9
sweep,50.0,224.05390152571093,0.07468463384190364,0.06,72.0,0.65,0.85,0.9,sweep,25.0,5.0,40.0,0.85,0.85,0.85,0.9
sweep,50.0,199.1590235784097,0.06638634119280323,0.06,36.0,0.65,0.85,0.8,sweep,25.0,10.0,40.0,0.85,0.85,0.85,0.9
sweep,25.0,11.489943667985177,0.007659962445323451,0.06,45.0,0.6,0.85,0.8,sweep,25.0,1.0,40.0,0.85,0.85,0.85,0.9
sweep,45.0,226.52761880952426,0.08389911807760157,0.06,63.0,0.6,0.95,0.8,sweep,25.0,7.0,40.0,0.85,0.85,0.85,0.9
sweep,50.0,126.67662893953658,0.04222554297984553,0.06,27.0,0.7,0.85,0.9,sweep,25.0,7.0,40.0,0.85,0.85,0.85,0.9
sweep,20.0,35.475201074904234,0.029562667562420198,0.06,27.0,0.65,0.95,0.85,sweep,25.0,5.0,40.0,0.85,0.85,0.85,0.9
sweep,20.0,65.68417796864858,0.054736814973873824,0.06,45.0,0.7,0.98,0.85,sweep,25.0,5.0,40.0,0.85,0.85,0.85,0.9
sweep,25.0,26.004446036807636,0.017336297357871757,0.06,27.0,0.6,0.95,0.9,sweep,25.0,3.0,40.0,0.85,0.85,0.85,0.9
sweep,40.0,20.68189860237332,0.008617457750988882,0.06,45.0,0.6,0.85,0.9,sweep,25.0,1.0,40.0,0.85,0.85,0.85,0.9
sweep,40.0,157.64202712475662,0.06568417796864859,0.06,27.0,0.7,0.98,0.85,sweep,25.0,10.0,40.0,0.85,0.85,0.85,0.9
sweep,40.0,194.73426880116995,0.08113927866715415,0.06,63.0,0.7,0.98,0.9,sweep,25.0,5.0,40.0,0.85,0.85,0.85,0.9
sweep,30.0,16.691508754385993,0.00927306041910333,0.06,36.0,0.7,0.98,0.9,sweep,25.0,1.0,40.0,0.85,0.85,0.85,0.9
sweep,25.0,90.48330638538327,0.06032220425692218,0.06,63.0,0.6,0.85,0.9,sweep,25.0,5.0,40.0,0.85,0.85,0.85,0.9
sweep,45.0,232.48887193609067,0.08610698960595951,0.06,72.0,0.65,0.98,0.9,sweep,25.0,5.0,40.0,0.85,0.85,0.85,0.9
sweep,30.0,43.949034530043306,0.024416130294468503,0.06,45.0,0.6,0.85,0.85,sweep,25.0,3.0,40.0,0.85,0.85,0.85,0.9
sweep,40.0,247.28161117608886,0.10303400465670369,0.06,45.0,0.7,0.98,0.8,sweep,25.0,10.0,40.0,0.85,0.85,0.85,0.9
sweep,45.0,152.0119547274439,0.056300723973127374,0.06,27.0,0.6,0.98,0.85,sweep,25.0,10.0,40.0,0.85,0.85,0.85,0.9
sweep,40.0,144.77329021661325,0.06032220425692218,0.06,63.0,0.6,0.9,0.85,sweep,25.0,5.0,40.0,0.85,0.85,0.85,0.9
sweep,20.0,120.64440851384435,0.10053700709487029,0.06,45.0,0.7,0.9,0.85,sweep,25.0,10.0,40.0,0.85,0.85,0.85,0.9
sweep,50.0,273.46065929804723,0.09115355309934907,0.06,72.0,0.6,0.85,0.85,sweep,25.0,7.0,40.0,0.85,0.85,0.85,0.9
sweep,50.0,199.1590235784097,0.06638634119280323,0.06,72.0,0.65,0.85,0.8,sweep,25.0,5.0,40.0,0.85,0.85,0.85,0.9
sweep,25.0,58.5987127067244,0.0390658084711496,0.06,72.0,0.6,0.85,0.85,sweep,25.0,3.0,40.0,0.85,0.85,0.85,0.9
sweep,45.0,83.76168933961195,0.03102284790355998,0.06,54.0,0.6,0.9,0.85,sweep,25.0,3.0,40.0,0.85,0.85,0.85,0.9
sweep,25.0,104.5584873786651,0.0697056582524434,0.06,54.0,0.65,0.85,0.8,sweep,25.0,7.0,40.0,0.85,0.85,0.85,0.9
sweep,25.0,72.38664510830661,0.048257763405537744,0.06,36.0,0.6,0.85,0.9,sweep,25.0,7.0,40.0,0.85,0.85,0.85,0.9
sweep,20.0,67.0246713965802,0.0558538928304835,0.06,50.0,0.7,0.9,0.85,sweep,25.0,5.0,40.0,0.85,0.85,0.85,0.9
sweep,20.0,33.608085228856645,0.02800673769071387,0.06,45.0,0.65,0.9,0.85,sweep,25.0,3.0,40.0,0.85,0.85,0.85,0.9
sweep,25.0,68.221540528662,0.045481027019108,0.06,45.0,0.6,0.95,0.85,sweep,25.0,5.0,40.0,0.85,0.85,0.85,0.9
sweep,35.0,22.603084771564372,0.01076337370074494,0.06,45.0,0.65,0.98,0.9,sweep,25.0,1.0,40.0,0.85,0.85,0.85,0.9
sweep,35.0,55.54669641991583,0.02645080781900754,0.06,45.0,0.65,0.85,0.85,sweep,25.0,3.0,40.0,0.85,0.85,0.85,0.9
sweep,45.0,112.02695076285545,0.04149146324550202,0.06,45.0,0.65,0.85,0.8,sweep,25.0,5.0,40.0,0.85,0.85,0.85,0.9
sweep,45.0,88.6736402576756,0.032842088984324294,0.06,27.0,0.7,0.98,0.85,sweep,25.0,5.0,40.0,0.85,0.85,0.85,0.9
sweep,40.0,25.232817466947846,0.010513673944561602,0.06,50.0,0.7,0.9,0.8,sweep,25.0,1.0,40.0,0.85,0.85,0.85,0.9
sweep,25.0,83.47106135271585,0.055647374235143904,0.06,54.0,0.65,0.95,0.8,sweep,25.0,5.0,40.0,0.85,0.85,0.85,0.9
sweep,30.0,154.9925812907271,0.0861069896059595,0.06,63.0,0.65,0.9,0.8,sweep,25.0,7.0,40.0,0.85,0.85,0.85,0.9
sweep,40.0,22.979887335970357,0.009574953056654316,0.06,50.0,0.6,0.85,0.9,sweep,25.0,1.0,40.0,0.85,0.85,0.85,0.9
sweep,20.0,47.85561537715826,0.03987967948096521,0.06,27.0,0.7,0.85,0.85,sweep,25.0,7.0,40.0,0.85,0.85,0.85,0.9
sweep,35.0,117.62829830099825,0.05601347538142774,0.06,27.0,0.65,0.9,0.85,sweep,25.0,10.0,40.0,0.85,0.85,0.85,0.9
sweep,45.0,47.89152145112072,0.017737600537452117,0.06,27.0,0.65,0.95,0.85,sweep,25.0,3.0,40.0,0.85,0.85,0.85,0.9
sweep,25.0,105.56385744961383,0.07037590496640922,0.06,45.0,0.7,0.85,0.9,sweep,25.0,7.0,40.0,0.85,0.85,0.85,0.9
sweep,20.0,79.90392197866815,0.06658660164889013,0.06,50.0,0.6,0.95,0.8,sweep,25.0,7.0,40.0,0.85,0.85,0.85,0.9
sweep,30.0,61.64016838354401,0.03424453799085778,0.06,36.0,0.6,0.95,0.8,sweep,25.0,5.0,40.0,0.85,0.85,0.85,0.9
sweep,20.0,28.61401500751885,0.02384501250626571,0.06,36.0,0.6,0.98,0.9,sweep,25.0,3.0,40.0,0.85,0.85,0.85,0.9
sweep,20.0,116.84056128070198,0.09736713440058498,0.06,54.0,0.7,0.98,0.9,sweep,25.0,7.0,40.0,0.85,0.85,0.85,0.9
sweep,20.0,78.82101356237831,0.06568417796864859,0.06,27.0,0.7,0.98,0.85,sweep,25.0,10.0,40.0,0.85,0.85,0.85,0.9
sweep,30.0,65.14798059747595,0.03619332255415331,0.06,54.0,0.7,0.9,0.85,sweep,25.0,3.0,40.0,0.85,0.85,0.85,0.9
sweep,20.0,38.748145322681786,0.03229012110223482,0.06,45.0,0.65,0.98,0.9,sweep,25.0,3.0,40.0,0.85,0.85,0.85,0.9
sweep,25.0,59.9279414840011,0.03995196098933407,0.06,36.0,0.7,0.95,0.8,sweep,25.0,5.0,40.0,0.85,0.85,0.85,0.9
sweep,45.0,75.61819176492745,0.02800673769071387,0.06,45.0,0.65,0.85,0.9,sweep,25.0,3.0,40.0,0.85,0.85,0.85,0.9
sweep,30.0,110.70898663623363,0.061504992575685355,0.06,63.0,0.65,0.9,0.8,sweep,25.0,5.0,40.0,0.85,0.85,0.85,0.9
sweep,20.0,61.64016838354402,0.051366806986286685,0.06,54.0,0.6,0.95,0.8,sweep,25.0,5.0,40.0,0.85,0.85,0.85,0.9
sweep,35.0,19.362682847900945,0.009220325165667117,0.06,50.0,0.65,0.85,0.8,sweep,25.0,1.0,40.0,0.85,0.85,0.85,0.9
sweep,25.0,132.25403909503768,0.0881693593966918,0.06,45.0,0.65,0.85,0.85,sweep,25.0,10.0,40.0,0.85,0.85,0.85,0.9
sweep,30.0,117.62829830099825,0.0653490546116657,0.06,45.0,0.65,0.9,0.85,sweep,25.0,7.0,40.0,0.85,0.85,0.85,0.9
sweep,35.0,229.89462289027006,0.10947362994774765,0.06,45.0,0.7,0.98,0.85,sweep,25.0,10.0,40.0,0.85,0.85,0.85,0.9
sweep,25.0,99.57951178920484,0.06638634119280323,0.06,72.0,0.65,0.85,0.8,sweep,25.0,5.0,40.0,0.85,0.85,0.85,0.9
sweep,35.0,312.9657891447374,0.14903132816416068,0.06,63.0,0.7,0.9,0.9,sweep,25.0,10.0,40.0,0.85,0.85,0.85,0.9
sweep,20.0,89.62156061028438,0.07468463384190364,0.06,72.0,0.65,0.9,0.85,sweep,25.0,5.0,40.0,0.85,0.85,0.85,0.9
sweep,20.0,55.15172960632886,0.04595977467194071,0.06,27.0,0.6,0.85,0.8,sweep,25.0,10.0,40.0,0.85,0.85,0.85,0.9
sweep,25.0,173.89804448482465,0.11593202965654976,0.06,50.0,0.65,0.95,0.9,sweep,25.0,10.0,40.0,0.85,0.85,0.85,0.9
sweep,40.0,268.47717784832497,0.1118654907701354,0.06,72.0,0.7,0.95,0.8,sweep,25.0,7.0,40.0,0.85,0.85,0.85,0.9
sweep,20.0,102.17538795123113,0.08514615662602594,0.06,50.0,0.7,0.98,0.85,sweep,25.0,7.0,40.0,0.85,0.85,0.85,0.9
sweep,50.0,163.73169726878882,0.054577232422929604,0.06,27.0,0.6,0.95,0.85,sweep,25.0,10.0,40.0,0.85,0.85,0.85,0.9
sweep,35.0,134.1281953477446,0.06387056921321171,0.06,27.0,0.7,0.9,0.9,sweep,25.0,10.0,40.0,0.85,0.85,0.85,0.9
sweep,40.0,68.93966200791105,0.02872485916996294,0.06,50.0,0.6,0.9,0.85,sweep,25.0,3.0,40.0,0.85,0.85,0.85,0.9
sweep,50.0,13.787932401582212,0.004595977467194071,0.06,27.0,0.6,0.85,0.8,sweep,25.0,1.0,40.0,0.85,0.85,0.85,0.9
sweep,45.0,286.53047022038027,0.10612239637791862,0.06,45.0,0.7,0.95,0.85,sweep,25.0,10.0,40.0,0.85,0.85,0.85,0.9
sweep,20.0,155.81264785840293,0.12984387321533578,0.06,63.0,0.65,0.95,0.8,sweep,25.0,10.0,40.0,0.85,0.85,0.85,0.9
sweep,35.0,156.83773106799765,0.07468463384190364,0.06,72.0,0.65,0.85,0.9,sweep,25.0,5.0,40.0,0.85,0.85,0.85,0.9
sweep,45.0,162.8699514936899,0.06032220425692219,0.06,27.0,0.7,0.85,0.9,sweep,25.0,10.0,40.0,0.85,0.85,0.85,0.9
sweep,40.0,272.6279763216379,0.11359499013401579,0.06,63.0,0.7,0.98,0.9,sweep,25.0,7.0,40.0,0.85,0.85,0.85,0.9
sweep,40.0,126.96387753123618,0.05290161563801508,0.06,27.0,0.65,0.85,0.85,sweep,25.0,10.0,40.0,0.85,0.85,0.85,0.9
sweep,35.0,14.81245237864422,0.007053548751735343,0.06,36.0,0.65,0.85,0.85,sweep,25.0,1.0,40.0,0.85,0.85,0.85,0.9
sweep,30.0,67.21617045771328,0.03734231692095182,0.06,36.0,0.65,0.9,0.85,sweep,25.0,5.0,40.0,0.85,0.85,0.85,0.9
sweep,50.0,146.94893232781965,0.04898297744260655,0.06,50.0,0.65,0.85,0.85,sweep,25.0,5.0,40.0,0.85,0.85,0.85,0.9
sweep,35.0,103.46933646847069,0.04927111260403366,0.06,45.0,0.65,0.95,0.85,sweep,25.0,5.0,40.0,0.85,0.85,0.85,0.9
sweep,35.0,179.7838244520034,0.08561134497714447,0.06,45.0,0.6,0.95,0.8,sweep,25.0,10.0,40.0,0.85,0.85,0.85,0.9
sweep,45.0,86.22526843783581,0.03193528460660586,0.06,27.0,0.7,0.9,0.9,sweep,25.0,5.0,40.0,0.85,0.85,0.85,0.9
sweep,25.0,88.96257854697348,0.059308385697982316,0.06,27.0,0.65,0.9,0.9,sweep,25.0,10.0,40.0,0.85,0.85,0.85,0.9
sweep,40.0,31.36754621359953,0.013069810922333138,0.06,63.0,0.65,0.85,0.9,sweep,25.0,1.0,40.0,0.85,0.85,0.85,0.9
sweep,40.0,124.09139161423994,0.051704746505933305,0.06,27.0,0.6,0.85,0.9,sweep,25.0,10.0,40.0,0.85,0.85,0.85,0.9
sweep,25.0,72.99493624367055,0.0486632908291137,0.06,27.0,0.6,0.9,0.8,sweep,25.0,10.0,40.0,0.85,0.85,0.85,0.9
sweep,30.0,73.96820206025282,0.041093445589029345,0.06,72.0,0.6,0.95,0.8,sweep,25.0,3.0,40.0,0.85,0.85,0.85,0.9
sweep,20.0,7.238664510830661,0.006032220425692218,0.06,27.0,0.7,0.85,0.9,sweep,25.0,1.0,40.0,0.85,0.85,0.85,0.9
sweep,40.0,218.3089296917184,0.090962054038216,0.06,45.0,0.6,0.95,0.85,sweep,25.0,10.0,40.0,0.85,0.85,0.85,0.9
sweep,35.0,77.893707520468,0.03709224167641333,0.06,27.0,0.6,0.98,0.8,sweep,25.0,7.0,40.0,0.85,0.85,0.85,0.9
sweep,40.0,16.691508754385996,0.006954795314327498,0.06,27.0,0.7,0.98,0.9,sweep,25.0,1.0,40.0,0.85,0.85,0.85,0.9
sweep,45.0,171.9182821322282,0.06367343782675118,0.06,27.0,0.7,0.95,0.85,sweep,25.0,10.0,40.0,0.85,0.85,0.85,0.9
sweep,20.0,68.36516482451181,0.05697097068709317,0.06,54.0,0.7,0.85,0.85,sweep,25.0,5.0,40.0,0.85,0.85,0.85,0.9
sweep,45.0,53.20418415460536,0.019705253390594576,0.06,27.0,0.7,0.98,0.85,sweep,25.0,3.0,40.0,0.85,0.85,0.85,0.9
sweep,45.0,266.02092077302683,0.0985262669529729,0.06,63.0,0.7,0.85,0.9,sweep,25.0,7.0,40.0,0.85,0.85,0.85,0.9
sweep,35.0,18.99032356236439,0.00904301122017352,0.06,50.0,0.6,0.85,0.85,sweep,25.0,1.0,40.0,0.85,0.85,0.85,0.9
sweep,25.0,166.9421227054317,0.11129474847028781,0.06,54.0,0.65,0.95,0.8,sweep,25.0,10.0,40.0,0.85,0.85,0.85,0.9
sweep,30.0,161.80544200680296,0.08989191222600165,0.06,36.0,0.7,0.95,0.9,sweep,25.0,10.0,40.0,0.85,0.85,0.85,0.9
sweep,45.0,201.1922930216169,0.07451566408208034,0.06,63.0,0.7,0.9,0.9,sweep,25.0,5.0,40.0,0.85,0.85,0.85,0.9
sweep,35.0,121.72863113937726,0.05796601482827488,0.06,50.0,0.65,0.95,0.9,sweep,25.0,5.0,40.0,0.85,0.85,0.85,0.9
sweep,30.0,110.70898663623363,0.061504992575685355,0.06,63.0,0.65,0.9,0.8,sweep,25.0,5.0,40.0,0.85,0.85,0.85,0.9
sweep,20.0,87.13207281555425,0.07261006067962854,0.06,50.0,0.65,0.85,0.9,sweep,25.0,7.0,40.0,0.85,0.85,0.85,0.9
sweep,20.0,11.715236681082924,0.00976269723423577,0.06,50.0,0.65,0.9,0.8,sweep,25.0,1.0,40.0,0.85,0.85,0.85,0.9
sweep,40.0,86.29623573696163,0.03595676489040068,0.06,63.0,0.6,0.95,0.8,sweep,25.0,3.0,40.0,0.85,0.85,0.85,0.9
sweep,30.0,199.75980494667036,0.11097766941481686,0.06,50.0,0.7,0.95,0.8,sweep,25.0,10.0,40.0,0.85,0.85,0.85,0.9
sweep,50.0,311.1859743412652,0.10372865811375506,0.06,50.0,0.65,0.85,0.9,sweep,25.0,10.0,40.0,0.85,0.85,0.85,0.9
sweep,50.0,304.9622548544399,0.10165408495147997,0.06,45.0,0.65,0.98,0.85,sweep,25.0,10.0,40.0,0.85,0.85,0.85,0.9
sweep,40.0,71.6972484882275,0.029873853536761457,0.06,54.0,0.65,0.85,0.8,sweep,25.0,3.0,40.0,0.85,0.85,0.85,0.9
sweep,30.0,111.27672502924,0.06182040279402222,0.06,63.0,0.6,0.98,0.8,sweep,25.0,5.0,40.0,0.85,0.85,0.85,0.9
sweep,30.0,108.494806903509,0.060274892724171664,0.06,36.0,0.65,0.98,0.9,sweep,25.0,7.0,40.0,0.85,0.85,0.85,0.9
sweep,50.0,53.377547128184084,0.017792515709394694,0.06,27.0,0.65,0.9,0.9,sweep,25.0,3.0,40.0,0.85,0.85,0.85,0.9
sweep,25.0,68.88559168476762,0.045923727789845076,0.06,72.0,0.65,0.98,0.8,sweep,25.0,3.0,40.0,0.85,0.85,0.85,0.9
sweep,45.0,40.11426583085324,0.014857135492908607,0.06,63.0,0.7,0.95,0.85,sweep,25.0,1.0,40.0,0.85,0.85,0.85,0.9
sweep,30.0,204.38582148227755,0.1135476786012653,0.06,63.0,0.6,0.9,0.8,sweep,25.0,10.0,40.0,0.85,0.85,0.85,0.9
sweep,35.0,70.57697898059894,0.03360808522885664,0.06,54.0,0.65,0.85,0.9,sweep,25.0,3.0,40.0,0.85,0.85,0.85,0.9
sweep,35.0,101.34130315162926,0.048257763405537744,0.06,72.0,0.7,0.85,0.9,sweep,25.0,3.0,40.0,0.85,0.85,0.85,0.9
sweep,50.0,193.62682847900945,0.06454227615966981,0.06,50.0,0.65,0.85,0.8,sweep,25.0,7.0,40.0,0.85,0.85,0.85,0.9
sweep,35.0,126.67662893953658,0.06032220425692218,0.06,27.0,0.7,0.9,0.85,sweep,25.0,10.0,40.0,0.85,0.85,0.85,0.9
sweep,40.0,136.73032964902362,0.05697097068709317,0.06,54.0,0.7,0.85,0.85,sweep,25.0,5.0,40.0,0.85,0.85,0.85,0.9
sweep,25.0,21.911153605087907,0.014607435736725271,0.06,63.0,0.65,0.95,0.9,sweep,25.0,1.0,40.0,0.85,0.85,0.85,0.9
sweep,40.0,358.4862424411375,0.1493692676838073,0.06,72.0,0.65,0.9,0.85,sweep,25.0,10.0,40.0,0.85,0.85,0.85,0.9
sweep,30.0,116.24443596804537,0.06458024220446965,0.06,27.0,0.65,0.98,0.9,sweep,25.0,10.0,40.0,0.85,0.85,0.85,0.9
sweep,35.0,112.36489028250213,0.0535070906107153,0.06,50.0,0.6,0.95,0.9,sweep,25.0,5.0,40.0,0.85,0.85,0.85,0.9
sweep,40.0,92.46025257531603,0.038525105239715016,0.06,36.0,0.6,0.95,0.9,sweep,25.0,5.0,40.0,0.85,0.85,0.85,0.9
sweep,50.0,413.63797204746635,0.13787932401582212,0.06,72.0,0.6,0.85,0.9,sweep,25.0,10.0,40.0,0.85,0.85,0.85,0.9
sweep,35.0,95.5101567401268,0.045481027019108,0.06,45.0,0.6,0.95,0.85,sweep,25.0,5.0,40.0,0.85,0.85,0.85,0.9
sweep,30.0,160.45706332341305,0.08914281295745169,0.06,63.0,0.6,0.95,0.85,sweep,25.0,7.0,40.0,0.85,0.85,0.85,0.9
sweep,45.0,128.76306753383483,0.04769002501253142,0.06,72.0,0.6,0.98,0.9,sweep,25.0,3.0,40.0,0.85,0.85,0.85,0.9
sweep,50.0,89.89191222600166,0.029963970742000554,0.06,45.0,0.7,0.95,0.8,sweep,25.0,3.0,40.0,0.85,0.85,0.85,0.9
sweep,40.0,77.2124214488604,0.0321718422703585,0.06,54.0,0.7,0.85,0.8,sweep,25.0,3.0,40.0,0.85,0.85,0.85,0.9
sweep,40.0,193.03105362215095,0.08042960567589623,0.06,72.0,0.7,0.9,0.85,sweep,25.0,5.0,40.0,0.85,0.85,0.85,0.9
sweep,40.0,26.967573667800497,0.011236489028250207,0.06,45.0,0.7,0.95,0.9,sweep,25.0,1.0,40.0,0.85,0.85,0.85,0.9
sweep,45.0,145.62489780612276,0.05393514733560102,0.06,36.0,0.6,0.95,0.9,sweep,25.0,7.0,40.0,0.85,0.85,0.85,0.9
sweep,40.0,243.96980388355192,0.10165408495147997,0.06,45.0,0.65,0.98,0.85,sweep,25.0,10.0,40.0,0.85,0.85,0.85,0.9
sweep,20.0,59.24980951457688,0.049374841262147404,0.06,36.0,0.65,0.85,0.85,sweep,25.0,7.0,40.0,0.85,0.85,0.85,0.9
sweep,30.0,187.80988804361064,0.1043388266908948,0.06,45.0,0.65,0.95,0.9,sweep,25.0,10.0,40.0,0.85,0.85,0.85,0.9
sweep,45.0,95.38005002506284,0.03532594445372698,0.06,36.0,0.6,0.98,0.8,sweep,25.0,5.0,40.0,0.85,0.85,0.85,0.9
sweep,50.0,80.42960567589624,0.026809868558632082,0.06,27.0,0.7,0.85,0.8,sweep,25.0,5.0,40.0,0.85,0.85,0.85,0.9
sweep,45.0,107.3025562781957,0.03974168751044285,0.06,36.0,0.6,0.98,0.9,sweep,25.0,5.0,40.0,0.85,0.85,0.85,0.9
sweep,35.0,82.33980881069876,0.03920943276699941,0.06,27.0,0.65,0.9,0.85,sweep,25.0,7.0,40.0,0.85,0.85,0.85,0.9
sweep,50.0,168.0404261442832,0.05601347538142774,0.06,27.0,0.65,0.9,0.85,sweep,25.0,10.0,40.0,0.85,0.85,0.85,0.9
sweep,35.0,18.87730156746035,0.008989191222600166,0.06,36.0,0.7,0.95,0.9,sweep,25.0,1.0,40.0,0.85,0.85,0.85,0.9
sweep,50.0,230.64372215882008,0.0768812407196067,0.06,50.0,0.65,0.9,0.9,sweep,25.0,7.0,40.0,0.85,0.85,0.85,0.9
sweep,35.0,136.25721432151835,0.0648843877721516,0.06,36.0,0.6,0.9,0.8,sweep,25.0,10.0,40.0,0.85,0.85,0.85,0.9
sweep,20.0,49.81904398630514,0.04151586998858762,0.06,63.0,0.65,0.9,0.9,sweep,25.0,3.0,40.0,0.85,0.85,0.85,0.9
sweep,35.0,137.93677373416207,0.0656841779686486,0.06,45.0,0.6,0.98,0.85,sweep,25.0,7.0,40.0,0.85,0.85,0.85,0.9
sweep,45.0,124.14309636074583,0.04597892457805401,0.06,27.0,0.7,0.98,0.85,sweep,25.0,7.0,40.0,0.85,0.85,0.85,0.9
sweep,45.0,303.3852037627556,0.11236489028250209,0.06,45.0,0.7,0.95,0.9,sweep,25.0,10.0,40.0,0.85,0.85,0.85,0.9
sweep,40.0,38.353882549760705,0.015980784395733628,0.06,72.0,0.7,0.95,0.8,sweep,25.0,1.0,40.0,0.85,0.85,0.85,0.9
sweep,25.0,8.989191222600166,0.005992794148400111,0.06,27.0,0.7,0.95,0.8,sweep,25.0,1.0,40.0,0.85,0.85,0.85,0.9
sweep,45.0,266.02092077302683,0.0985262669529729,0.06,63.0,0.7,0.85,0.9,sweep,25.0,7.0,40.0,0.85,0.85,0.85,0.9
sweep,35.0,11.070898663623364,0.005271856506487316,0.06,27.0,0.65,0.9,0.8,sweep,25.0,1.0,40.0,0.85,0.85,0.85,0.9
sweep,30.0,124.54760996576286,0.06919311664764603,0.06,63.0,0.65,0.9,0.9,sweep,25.0,5.0,40.0,0.85,0.85,0.85,0.9
sweep,35.0,55.174709493664814,0.026273671187459435,0.06,36.0,0.7,0.98,0.85,sweep,25.0,3.0,40.0,0.85,0.85,0.85,0.9
sweep,45.0,152.0119547274439,0.056300723973127374,0.06,36.0,0.7,0.85,0.9,sweep,25.0,7.0,40.0,0.85,0.85,0.85,0.9
sweep,40.0,38.94685376023399,0.01622785573343083,0.06,63.0,0.7,0.98,0.9,sweep,25.0,1.0,40.0,0.85,0.85,0.85,0.9
sweep,45.0,210.34707460884397,0.07790632392920147,0.06,54.0,0.65,0.95,0.8,sweep,25.0,7.0,40.0,0.85,0.85,0.85,0.9
sweep,35.0,217.15993532491987,0.10340949301186661,0.06,54.0,0.6,0.9,0.85,sweep,25.0,10.0,40.0,0.85,0.85,0.85,0.9
sweep,35.0,105.17353730442196,0.0500826368116295,0.06,72.0,0.65,0.95,0.9,sweep,25.0,3.0,40.0,0.85,0.85,0.85,0.9
sweep,50.0,141.57976175595263,0.047193253918650875,0.06,63.0,0.7,0.95,0.9,sweep,25.0,3.0,40.0,0.85,0.85,0.85,0.9
sweep,35.0,274.4660293689959,0.1306981092233314,0.06,63.0,0.65,0.9,0.85,sweep,25.0,10.0,40.0,0.85,0.85,0.85,0.9
sweep,30.0,129.84387321533575,0.07213548511963097,0.06,50.0,0.65,0.95,0.8,sweep,25.0,7.0,40.0,0.85,0.85,0.85,0.9
sweep,20.0,52.394143126012416,0.04366178593834368,0.06,72.0,0.6,0.95,0.85,sweep,25.0,3.0,40.0,0.85,0.85,0.85,0.9
sweep,40.0,15.932721886272777,0.0066386341192803235,0.06,36.0,0.65,0.85,0.8,sweep,25.0,1.0,40.0,0.85,0.85,0.85,0.9
sweep,25.0,95.51015674012682,0.06367343782675121,0.06,45.0,0.6,0.95,0.85,sweep,25.0,7.0,40.0,0.85,0.85,0.85,0.9
sweep,50.0,423.9113334447237,0.1413037778149079,0.06,72.0,0.6,0.98,0.8,sweep,25.0,10.0,40.0,0.85,0.85,0.85,0.9
sweep,35.0,68.12860716075917,0.0324421938860758,0.06,36.0,0.6,0.9,0.8,sweep,25.0,5.0,40.0,0.85,0.85,0.85,0.9
sweep,20.0,140.2313830725626,0.11685948589380217,0.06,72.0,0.65,0.95,0.9,sweep,25.0,7.0,40.0,0.85,0.85,0.85,0.9
sweep,20.0,40.45136050170075,0.03370946708475062,0.06,45.0,0.7,0.95,0.9,sweep,25.0,3.0,40.0,0.85,0.85,0.85,0.9
sweep,20.0,128.68736908143399,0.10723947423452831,0.06,63.0,0.6,0.85,0.8,sweep,25.0,10.0,40.0,0.85,0.85,0.85,0.9
sweep,40.0,136.73032964902362,0.05697097068709317,0.06,63.0,0.6,0.85,0.85,sweep,25.0,5.0,40.0,0.85,0.85,0.85,0.9
sweep,45.0,311.57483008187194,0.11539808521550812,0.06,72.0,0.7,0.98,0.8,sweep,25.0,7.0,40.0,0.85,0.85,0.85,0.9
sweep,40.0,153.28936611170815,0.06387056921321173,0.06,45.0,0.6,0.9,0.9,sweep,25.0,7.0,40.0,0.85,0.85,0.85,0.9
sweep,35.0,196.04716383499706,0.09335579230237956,0.06,45.0,0.65,0.9,0.85,sweep,25.0,10.0,40.0,0.85,0.85,0.85,0.9
sweep,40.0,33.212695990870095,0.013838623329529207,0.06,63.0,0.65,0.9,0.9,sweep,25.0,1.0,40.0,0.85,0.85,0.85,0.9
sweep,25.0,72.23457232446565,0.048156381549643766,0.06,45.0,0.6,0.95,0.9,sweep,25.0,5.0,40.0,0.85,0.85,0.85,0.9
sweep,40.0,367.38982231876065,0.15307909263281694,0.06,72.0,0.65,0.98,0.8,sweep,25.0,10.0,40.0,0.85,0.85,0.85,0.9
sweep,50.0,193.74072661340892,0.06458024220446965,0.06,27.0,0.65,0.98,0.9,sweep,25.0,10.0,40.0,0.85,0.85,0.85,0.9
sweep,50.0,253.35325787907317,0.08445108595969106,0.06,63.0,0.6,0.85,0.9,sweep,25.0,7.0,40.0,0.85,0.85,0.85,0.9
sweep,25.0,9.766452117787399,0.006510968078524933,0.06,36.0,0.6,0.85,0.85,sweep,25.0,1.0,40.0,0.85,0.85,0.85,0.9
sweep,35.0,11.260144794625475,0.005361973711726416,0.06,27.0,0.7,0.85,0.8,sweep,25.0,1.0,40.0,0.85,0.85,0.85,0.9
sweep,25.0,54.57723242292959,0.036384821615286396,0.06,36.0,0.6,0.95,0.85,sweep,25.0,5.0,40.0,0.85,0.85,0.85,0.9
sweep,30.0,61.64016838354401,0.03424453799085778,0.06,36.0,0.6,0.95,0.8,sweep,25.0,5.0,40.0,0.85,0.85,0.85,0.9
sweep,20.0,13.247229170147618,0.011039357641789682,0.06,50.0,0.6,0.98,0.9,sweep,25.0,1.0,40.0,0.85,0.85,0.85,0.9
sweep,25.0,59.81951922144782,0.03987967948096521,0.06,63.0,0.7,0.85,0.85,sweep,25.0,3.0,40.0,0.85,0.85,0.85,0.9
sweep,50.0,93.06854371067993,0.03102284790355998,0.06,54.0,0.6,0.9,0.85,sweep,25.0,3.0,40.0,0.85,0.85,0.85,0.9
sweep,25.0,72.99493624367055,0.0486632908291137,0.06,54.0,0.6,0.9,0.8,sweep,25.0,5.0,40.0,0.85,0.85,0.85,0.9
sweep,50.0,85.45645603063976,0.028485485343546585,0.06,27.0,0.7,0.85,0.85,sweep,25.0,5.0,40.0,0.85,0.85,0.85,0.9
sweep,35.0,367.8313966244321,0.17515780791639624,0.06,72.0,0.7,0.98,0.85,sweep,25.0,10.0,40.0,0.85,0.85,0.85,0.9
sweep,20.0,45.98680983351244,0.03832234152792703,0.06,27.0,0.6,0.9,0.9,sweep,25.0,7.0,40.0,0.85,0.85,0.85,0.9
sweep,20.0,63.082043667369604,0.052568369722808005,0.06,50.0,0.7,0.9,0.8,sweep,25.0,5.0,40.0,0.85,0.85,0.85,0.9
sweep,50.0,27.035161571729834,0.009011720523909944,0.06,50.0,0.6,0.9,0.8,sweep,25.0,1.0,40.0,0.85,0.85,0.85,0.9
sweep,20.0,76.40812539210145,0.06367343782675121,0.06,45.0,0.6,0.95,0.85,sweep,25.0,7.0,40.0,0.85,0.85,0.85,0.9
sweep,45.0,151.6926018813778,0.05618244514125104,0.06,45.0,0.7,0.95,0.9,sweep,25.0,5.0,40.0,0.85,0.85,0.85,0.9
sweep,20.0,16.545518881898655,0.013787932401582213,0.06,27.0,0.6,0.85,0.8,sweep,25.0,3.0,40.0,0.85,0.85,0.85,0.9
sweep,50.0,104.5584873786651,0.0348528291262217,0.06,63.0,0.65,0.85,0.8,sweep,25.0,3.0,40.0,0.85,0.85,0.85,0.9
sweep,30.0,24.27081630102046,0.013483786833900255,0.06,63.0,0.6,0.95,0.9,sweep,25.0,1.0,40.0,0.85,0.85,0.85,0.9
sweep,30.0,114.96702458378108,0.06387056921321171,0.06,27.0,0.7,0.9,0.9,sweep,25.0,10.0,40.0,0.85,0.85,0.85,0.9
sweep,30.0,191.42246150863303,0.10634581194924057,0.06,72.0,0.7,0.85,0.85,sweep,25.0,7.0,40.0,0.85,0.85,0.85,0.9
sweep,30.0,174.36665395206802,0.09687036330670445,0.06,63.0,0.65,0.9,0.9,sweep,25.0,7.0,40.0,0.85,0.85,0.85,0.9
sweep,40.0,147.61198218164486,0.061504992575685355,0.06,45.0,0.65,0.9,0.8,sweep,25.0,7.0,40.0,0.85,0.85,0.85,0.9
sweep,30.0,56.30072397312736,0.03127817998507076,0.06,50.0,0.6,0.98,0.85,sweep,25.0,3.0,40.0,0.85,0.85,0.85,0.9
sweep,20.0,55.174709493664814,0.04597892457805401,0.06,27.0,0.7,0.98,0.85,sweep,25.0,7.0,40.0,0.85,0.85,0.85,0.9
sweep,30.0,107.30255627819568,0.059612531265664265,0.06,36.0,0.7,0.9,0.9,sweep,25.0,7.0,40.0,0.85,0.85,0.85,0.9
sweep,35.0,36.164935634503,0.017221397921191907,0.06,27.0,0.65,0.98,0.8,sweep,25.0,3.0,40.0,0.85,0.85,0.85,0.9
sweep,50.0,107.63373700744938,0.03587791233581646,0.06,50.0,0.65,0.98,0.9,sweep,25.0,3.0,40.0,0.85,0.85,0.85,0.9
sweep,20.0,155.78741504093597,0.12982284586744663,0.06,72.0,0.7,0.98,0.9,sweep,25.0,7.0,40.0,0.85,0.85,0.85,0.9
sweep,45.0,34.49010737513433,0.012774113842642343,0.06,54.0,0.7,0.9,0.9,sweep,25.0,1.0,40.0,0.85,0.85,0.85,0.9
sweep,25.0,54.28998383122996,0.03619332255415331,0.06,63.0,0.6,0.9,0.85,sweep,25.0,3.0,40.0,0.85,0.85,0.85,0.9
sweep,30.0,191.61170763963514,0.1064509486886862,0.06,45.0,0.7,0.9,0.9,sweep,25.0,10.0,40.0,0.85,0.85,0.85,0.9
sweep,20.0,78.1316169422992,0.06510968078524934,0.06,72.0,0.6,0.85,0.85,sweep,25.0,5.0,40.0,0.85,0.85,0.85,0.9
sweep,50.0,83.45754377192998,0.02781918125730999,0.06,36.0,0.7,0.98,0.9,sweep,25.0,3.0,40.0,0.85,0.85,0.85,0.9
sweep,50.0,17.792515709394692,0.005930838569798231,0.06,27.0,0.65,0.9,0.9,sweep,25.0,1.0,40.0,0.85,0.85,0.85,0.9
sweep,25.0,16.890217191938213,0.011260144794625475,0.06,54.0,0.6,0.98,0.85,sweep,25.0,1.0,40.0,0.85,0.85,0.85,0.9
kleene_fixed_point,,596.6907282,0.331494849,,,,0.98,,kleene,,,,,,,
